spaans;engels;onderwerp;voorbeeld;voorbeeld_nl;tip
a;to / at;Kleine woorden;;;
a cada rato;all the time / every so often;Uitdrukkingen;;;
a la derecha;on the right / to the right;Stad & reizen;;;
a la izquierda;on the left / to the left;Stad & reizen;;;
a las;at (o'clock);Tijd & kalender;;;a las tres = om drie uur
a lo mejor;maybe / perhaps;Uitdrukkingen;;;
a menudo;often;Kleine woorden;;;
a pie;on foot;Stad & reizen;;;
a punto de;about to;Uitdrukkingen;;;
a qué hora;(at) what time;Tijd & kalender;;;
a tiempo;on time;Tijd & kalender;;;
a veces;sometimes;Tijd & kalender;;;
a ver;let's see;Uitdrukkingen;;;
abandonado;abandoned / deserted;Beschrijvingen;;;
abierto;open;Beschrijvingen;;;voltooid deelwoord van abrir
el abogado;lawyer;Werk & school;;;vrouwelijk: abogada
el abrigo;coat;Kleding & winkelen;;;
abril;April;Tijd & kalender;;;
abrir;to open;Werkwoorden;;;
la abuela;grandmother;Mensen & familie;;;
el abuelo;grandfather;Mensen & familie;;;
los abuelos;grandparents;Mensen & familie;;;
aburrido;boring / bored;Gevoelens & karakter;;;ser = saai, estar = verveeld
aburrirse;to get bored;Werkwoorden;;;
acampar;to camp;Werkwoorden;;;
el accidente;accident / crash;Stad & reizen;;;
el aceite;oil;Eten & drinken;;;
aceptar;to accept;Werkwoorden;;;
la acera;sidewalk / pavement;Stad & reizen;;;
la actividad;activity;Vrije tijd & sport;;;
activo;active;Gevoelens & karakter;;;
el actor;actor;Werk & school;;;vrouwelijk: actriz
la actriz;actress;Werk & school;;;
actualizar;to update / to upgrade;Werkwoorden;;;
actuar;to act / to perform;Werkwoorden;;;
además;also / besides / in addition;Kleine woorden;;;
adentro;inside;Kleine woorden;;;
el aderezo;dressing;Eten & drinken;;;
adiós;goodbye;Begroetingen & beleefdheid;;;
el adolescente;teenager;Mensen & familie;;;ook: la adolescente
adoptar;to adopt;Werkwoorden;;;
el adulto;adult;Mensen & familie;;;vrouwelijk: adulta
adónde;where (to);Kleine woorden;;;waarheen
el aeropuerto;airport;Stad & reizen;;;
afortunadamente;fortunately;Kleine woorden;;;
africano;African;Landen & talen;;;vrouwelijk: africana
afuera;outside;Kleine woorden;;;
agarrar;to grab / to hold / to catch;Werkwoorden;;;
la agenda;diary / schedule / agenda;Werk & school;;;
agosto;August;Tijd & kalender;;;
agotado;exhausted / sold out;Gevoelens & karakter;;;ook: uitverkocht
agradable;pleasant / nice;Beschrijvingen;;;
agradecer;to thank / to appreciate;Werkwoorden;;;
agradezco;(I) thank / (I) appreciate;Werkwoordsvormen;;;vorm van agradecer (yo, presente)
agregar;to add;Werkwoorden;;;
el agricultor;farmer;Werk & school;;;vrouwelijk: agricultora
el agua;water;Eten & drinken;;;vrouwelijk, maar 'el' voor de klank
el agua mineral;mineral water;Eten & drinken;;;vrouwelijk, maar 'el' voor de klank
el aguacate;avocado;Eten & drinken;;;
ah;ah / oh;Kleine woorden;;;
ahora;now;Kleine woorden;;;
ahora mismo;right now;Tijd & kalender;;;
ahora sí;now (for real) / now yes;Uitdrukkingen;;;
el ahorro;saving / savings;Kleding & winkelen;;;ook: (yo) ahorro = ik spaar
ahí;there;Kleine woorden;;;
el ajedrez;chess;Vrije tijd & sport;;;
el ajo;garlic;Eten & drinken;;;
al;to the / at the;Kleine woorden;;;a + el = al
al aire libre;outdoors / in the open air;Vrije tijd & sport;;;
al final;at the end / in the end;Uitdrukkingen;;;
al final de;at the end of;Uitdrukkingen;;;
al horno;baked / in the oven;Eten & drinken;;;
al lado de;next to / beside;Kleine woorden;;;
al mediodía;at noon / at midday;Tijd & kalender;;;
al norte;to the north / in the north;Stad & reizen;;;
al sur;to the south / in the south;Stad & reizen;;;
la alarma;alarm;Huis & dagelijks leven;;;
el alcohol;alcohol;Eten & drinken;;;
alegre;cheerful / happy / lively;Gevoelens & karakter;;;
Alemania;Germany;Landen & talen;;;
alemán;German;Landen & talen;;;"vrouwelijk: alemana; de taal: el alemán"
la alergia;allergy;Lichaam & gezondheid;;;
la alfombra;carpet / rug;Huis & dagelijks leven;;;
algo;something / anything;Kleine woorden;;;
alguien;someone / somebody / anyone;Kleine woorden;;;
alguna;some / any;Kleine woorden;;;vrouwelijk van alguno
alguna vez;ever / once;Tijd & kalender;;;
algunas;some;Kleine woorden;;;vrouwelijk meervoud van alguno
algunos;some / a few;Kleine woorden;;;
algún;some / any;Kleine woorden;;;vóór mannelijk enkelvoud: algún día
aliviado;relieved;Gevoelens & karakter;;;
allá;over there;Kleine woorden;;;verder weg dan ahí
allí;there;Kleine woorden;;;
el almacén;warehouse / store;Kleding & winkelen;;;
la almendra;almond;Eten & drinken;;;
la almohada;pillow;Huis & dagelijks leven;;;
almorzar;to have lunch;Werkwoorden;;;o→ue: yo almuerzo
el almuerzo;lunch;Eten & drinken;;;
alquilar;to rent / to hire;Werkwoorden;;;
el alquiler;rent / rental;Huis & dagelijks leven;;;
alto;tall / high;Beschrijvingen;;;
alérgico;allergic;Lichaam & gezondheid;;;vrouwelijk: alérgica
amable;kind / nice;Gevoelens & karakter;;;
el amanecer;dawn / daybreak / sunrise;Tijd & kalender;;;ook werkwoord: dag worden
amargo;bitter;Beschrijvingen;;;
amarillo;yellow;Beschrijvingen;;;
la ambulancia;ambulance;Lichaam & gezondheid;;;
la amiga;friend;Mensen & familie;;;"vriendin; mannelijk: amigo"
el amigo;friend;Mensen & familie;;;vrouwelijk: amiga
el amor;love;Gevoelens & karakter;;;
amueblado;furnished;Huis & dagelijks leven;;;
anaranjado;orange;Beschrijvingen;;;"de kleur; de vrucht is la naranja"
ancho;wide / broad / baggy;Beschrijvingen;;;
andar;to walk / to go / to be;Werkwoorden;;;
el andén;platform;Stad & reizen;;;
el anillo;ring;Kleding & winkelen;;;
el animal;animal;Natuur, weer & dieren;;;
anoche;last night;Tijd & kalender;;;
anotar;to write down / to note;Werkwoorden;;;
ansioso;anxious / eager;Gevoelens & karakter;;;
anteayer;the day before yesterday;Tijd & kalender;;;
antes;before / earlier;Kleine woorden;;;
antes de;before;Kleine woorden;;;
el antibiótico;antibiotic;Lichaam & gezondheid;;;
antiguo;old / ancient / former;Beschrijvingen;;;
antipático;unfriendly / unpleasant;Gevoelens & karakter;;;
el anuncio;advertisement / ad / announcement;Technologie & media;;;
apagado;off / turned off;Beschrijvingen;;;
apagar;to turn off / to switch off;Werkwoorden;;;
el apartamento;apartment / flat;Huis & dagelijks leven;;;
el apellido;last name / surname;Mensen & familie;;;
la aplicación;app / application;Technologie & media;;;
apoyar;to support / to lean;Werkwoorden;;;
el apoyo;support;Gevoelens & karakter;;;
aprender;to learn;Werkwoorden;;;
aproximadamente;approximately / about;Getallen & hoeveelheden;;;
apurado;in a hurry / rushed;Gevoelens & karakter;;;
aquel;that (over there);Kleine woorden;;;
aquella;that (over there);Kleine woorden;;;vrouwelijk van aquel
aquellas;those (over there);Kleine woorden;;;vrouwelijk meervoud van aquel
aquello;that (thing);Kleine woorden;;;onzijdig: voor zaken/ideeën
aquellos;those (over there);Kleine woorden;;;
aquí;here;Kleine woorden;;;
aquí tiene;here you are / here you go;Begroetingen & beleefdheid;;;
la araña;spider / chandelier;Natuur, weer & dieren;;;
el archivo;file / archive;Technologie & media;;;
la arena;sand / arena;Natuur, weer & dieren;;;
el arete;earring;Kleding & winkelen;;;
Argentina;Argentina;Landen & talen;;;
argentino;Argentinian / Argentine;Landen & talen;;;vrouwelijk: argentina
el armario;closet / wardrobe / cupboard;Huis & dagelijks leven;;;
el arquitecto;architect;Werk & school;;;vrouwelijk: arquitecta
arreglar;to fix / to repair / to arrange;Werkwoorden;;;
arriba;upstairs / up / above;Kleine woorden;;;
la arroba;at sign (@);Technologie & media;;;
arrogante;arrogant;Gevoelens & karakter;;;
el arroz;rice;Eten & drinken;;;
la arruga;wrinkle;Lichaam & gezondheid;;;
el arte;art;Vrije tijd & sport;;;meervoud vaak vrouwelijk: las artes
el artista;artist;Werk & school;;;ook: la artista
el asado;barbecue / roast;Eten & drinken;;;ook bijv. nw.: geroosterd
el ascensor;elevator / lift;Huis & dagelijks leven;;;
el asistente;assistant / attendant;Werk & school;;;vrouwelijk: la asistente
asiático;Asian;Landen & talen;;;vrouwelijk: asiática
la aspiradora;vacuum cleaner;Huis & dagelijks leven;;;
la aspirina;aspirin;Lichaam & gezondheid;;;
asustado;scared / afraid / frightened;Gevoelens & karakter;;;
asustarse;to get scared / to be frightened;Werkwoorden;;;
así;like this / like that / so;Kleine woorden;;;
así es;that's right / that's how it is;Uitdrukkingen;;;
así que;so;Kleine woorden;;;
atlético;athletic;Vrije tijd & sport;;;
la atracción;attraction / ride;Vrije tijd & sport;;;
atractivo;attractive / good-looking;Gevoelens & karakter;;;
el atún;tuna;Eten & drinken;;;
el audífono;earphone / headphone / hearing aid;Technologie & media;;;
el aula;classroom;Werk & school;;;vrouwelijk, maar 'el' voor de klank
el autobús;bus;Stad & reizen;;;
el autor;author / writer;Werk & school;;;vrouwelijk: autora
el auxilio;help / aid;Uitdrukkingen;;;¡Auxilio! = Help!
la avenida;avenue;Stad & reizen;;;
la aventura;adventure;Vrije tijd & sport;;;
el avión;plane / airplane;Stad & reizen;;;
ay;oh / ow / ouch;Kleine woorden;;;
ayer;yesterday;Tijd & kalender;;;
la ayuda;help;Huis & dagelijks leven;;;
ayudar;to help;Werkwoorden;;;
el ayuntamiento;town hall / city hall / city council;Stad & reizen;;;
azul;blue;Beschrijvingen;;;
el azúcar;sugar;Eten & drinken;;;soms ook: la azúcar
el año;year;Tijd & kalender;;;tener … años = … jaar oud zijn
aún;still / yet;Kleine woorden;;;aun (zonder accent) = zelfs
la bachata;bachata;Vrije tijd & sport;;;Dominicaanse dans
bah;bah / meh;Kleine woorden;;;
bailar;to dance;Werkwoorden;;;
el bailarín;dancer;Vrije tijd & sport;;;vrouwelijk: bailarina
el baile;dance / dancing;Vrije tijd & sport;;;
bajar;to go down / to get off / to lower;Werkwoorden;;;
bajo;short / low;Beschrijvingen;;;ook voorzetsel: onder
el balcón;balcony;Huis & dagelijks leven;;;
el banco;bank / bench;Stad & reizen;;;
el bar;bar;Stad & reizen;;;
barato;cheap;Beschrijvingen;;;
la barba;beard;Lichaam & gezondheid;;;
el barco;boat / ship;Stad & reizen;;;
barrer;to sweep;Werkwoorden;;;
el barrio;neighborhood;Stad & reizen;;;
basta de;enough (of) / stop;Uitdrukkingen;;;¡Basta de quejas! = genoeg geklaag!
bastante;quite / enough / fairly;Kleine woorden;;;
bastantes;quite a few / quite a lot;Getallen & hoeveelheden;;;
la basura;trash / garbage / rubbish;Huis & dagelijks leven;;;
la batería;drums / battery;Vrije tijd & sport;;;ook: accu, batterij
el batido;shake / smoothie / milkshake;Eten & drinken;;;
la batidora;mixer / blender;Huis & dagelijks leven;;;
bañarse;to bathe / to take a bath;Werkwoorden;;;
la bañera;bathtub;Huis & dagelijks leven;;;
el baño;bathroom / bath;Huis & dagelijks leven;;;
beber;to drink;Werkwoorden;;;
la bebida;drink / beverage;Eten & drinken;;;
el bebé;baby;Mensen & familie;;;ook: la bebé (meisje)
la biblioteca;library;Werk & school;;;boekwinkel = la librería
la bicicleta;bicycle / bike;Stad & reizen;;;
bien;well / fine / all right;Kleine woorden;;;
bien cocido;well done;Eten & drinken;;;
bienvenida;welcome;Begroetingen & beleefdheid;;;vrouwelijk van bienvenido
bienvenido;welcome;Begroetingen & beleefdheid;;;vrouwelijk: bienvenida
el bigote;mustache;Lichaam & gezondheid;;;
el bikini;bikini;Kleding & winkelen;;;
la billetera;wallet;Kleding & winkelen;;;
el bingo;bingo;Vrije tijd & sport;;;
el bistec;steak;Eten & drinken;;;
blanco;white;Beschrijvingen;;;
el blog;blog;Technologie & media;;;
la blusa;blouse;Kleding & winkelen;;;
la boca;mouth;Lichaam & gezondheid;;;
la boda;wedding;Mensen & familie;;;
el bol;bowl;Huis & dagelijks leven;;;
el boleto;ticket;Stad & reizen;;;
la bolsa;bag;Kleding & winkelen;;;
las bolsas;bags;Kleding & winkelen;;;
el bolso;bag / purse / handbag;Kleding & winkelen;;;
el bolígrafo;pen;Werk & school;;;
el bombero;firefighter;Werk & school;;;vrouwelijk: bombera
bonito;pretty / beautiful / nice;Beschrijvingen;;;
el borrador;eraser / draft;Werk & school;;;
el bosque;forest / woods;Natuur, weer & dieren;;;
la bota;boot;Kleding & winkelen;;;
la botella;bottle;Eten & drinken;;;
botella de;bottle of;Eten & drinken;;;
el boxeo;boxing;Vrije tijd & sport;;;
el brazo;arm;Lichaam & gezondheid;;;
breve;brief / short;Beschrijvingen;;;zelfde vorm m/v
la broma;joke;Gevoelens & karakter;;;
el brócoli;broccoli;Eten & drinken;;;
buen día;good morning;Begroetingen & beleefdheid;;;
buen tiempo;good weather;Natuur, weer & dieren;;;
buenas noches;good night / good evening;Begroetingen & beleefdheid;;;
buenas noticias;good news;Uitdrukkingen;;;
buenas tardes;good afternoon / good evening;Begroetingen & beleefdheid;;;
bueno;well / all right / good;Kleine woorden;;;als bijv. nw.: goed (vrouwelijk: buena)
buenos días;good morning;Begroetingen & beleefdheid;;;
la bufanda;scarf;Kleding & winkelen;;;
buscar;to look for / to search;Werkwoorden;;;
el buzón;mailbox;Huis & dagelijks leven;;;
el básquetbol;basketball;Vrije tijd & sport;;;
el béisbol;baseball;Vrije tijd & sport;;;
el caballo;horse;Natuur, weer & dieren;;;
la cabeza;head;Lichaam & gezondheid;;;
el cable;cable / wire;Technologie & media;;;
cada;every / each;Kleine woorden;;;
caerse;to fall / to fall down;Werkwoorden;;;
la cafetería;coffee shop / café;Eten & drinken;;;
la cafeína;caffeine;Eten & drinken;;;
el café;coffee / café;Eten & drinken;;;
la caja;box / checkout;Huis & dagelijks leven;;;
el cajero automático;ATM / cash machine;Stad & reizen;;;
el calcetín;sock;Kleding & winkelen;;;
la calculadora;calculator;Werk & school;;;
la calefacción;heating;Huis & dagelijks leven;;;
el calendario;calendar;Tijd & kalender;;;
la calificación;grade / mark;Werk & school;;;
la calle;street;Stad & reizen;;;
calmado;calm;Gevoelens & karakter;;;vrouwelijk: calmada
el calor;heat;Natuur, weer & dieren;;;hace calor = het is warm
calvo;bald;Beschrijvingen;;;vrouwelijk: calva
la cama;bed;Huis & dagelijks leven;;;
el camarero;waiter;Werk & school;;;vrouwelijk: camarera
el camarón;shrimp;Eten & drinken;;;
cambiar de;to change;Werkwoorden;;;cambiar de + znw: van iets wisselen
cambiar de tema;to change the subject;Uitdrukkingen;;;
cambiar dinero;to exchange money;Stad & reizen;;;
caminar;to walk;Werkwoorden;;;
la caminata;hike / walk;Vrije tijd & sport;;;
el camino;path / way / road;Stad & reizen;;;ook: (yo) camino = ik loop
la camisa;shirt;Kleding & winkelen;;;
la camiseta;t-shirt;Kleding & winkelen;;;
el camión;truck;Stad & reizen;;;in Mexico ook: bus
el campamento;camp;Vrije tijd & sport;;;
el campeón;champion;Vrije tijd & sport;;;vrouwelijk: campeona
el campo;countryside / field;Natuur, weer & dieren;;;
la cana;grey hair;Lichaam & gezondheid;;;meestal meervoud: las canas
canadiense;Canadian;Landen & talen;;;zelfde vorm m/v
cancelar;to cancel;Werkwoorden;;;Latijns-Amerika ook: (rekening) betalen
la cancha;court / field;Vrije tijd & sport;;;sportveld
la canción;song;Vrije tijd & sport;;;
cansado;tired;Gevoelens & karakter;;;vrouwelijk: cansada
el cantante;singer;Vrije tijd & sport;;;vrouwelijk: la cantante
cantar;to sing;Werkwoorden;;;
la cantidad;quantity / amount;Getallen & hoeveelheden;;;
la capital;capital (city);Stad & reizen;;;el capital = het kapitaal (geld)
la cara;face;Lichaam & gezondheid;;;
el cargador;charger;Technologie & media;;;
cargar;to charge / to load / to carry;Werkwoorden;;;
la caricatura;cartoon / caricature;Technologie & media;;;
la carne;meat;Eten & drinken;;;
la carne roja;red meat;Eten & drinken;;;
la carnicería;butcher's shop;Kleding & winkelen;;;
caro;expensive;Kleding & winkelen;;;vrouwelijk: cara
la carpa;tent;Vrije tijd & sport;;;ook: karper (vis)
el carpintero;carpenter;Werk & school;;;vrouwelijk: carpintera
la carrera;race / career;Vrije tijd & sport;;;ook: studie(richting)
la carretera;road / highway;Stad & reizen;;;
el carrito;cart / shopping cart;Kleding & winkelen;;;
el carro;car / cart;Stad & reizen;;;Latijns-Amerika: auto
la carta;letter;Huis & dagelijks leven;;;ook: menukaart
la cartera;wallet / purse;Kleding & winkelen;;;
el cartero;mailman / postman;Werk & school;;;vrouwelijk: cartera
el carácter;character / personality;Gevoelens & karakter;;;meervoud: caracteres
la casa;house / home;Huis & dagelijks leven;;;
la cascada;waterfall;Natuur, weer & dieren;;;
casi;almost;Kleine woorden;;;
casi siempre;almost always;Tijd & kalender;;;
castaño;brown / chestnut;Beschrijvingen;;;"voor haar/ogen; vrouwelijk: castaña"
el castillo;castle;Stad & reizen;;;
la catedral;cathedral;Stad & reizen;;;
catorce;fourteen;Getallen & hoeveelheden;;;
la cebolla;onion;Eten & drinken;;;
la celebración;celebration;Vrije tijd & sport;;;
celebrar;to celebrate / to hold;Werkwoorden;;;
la celebridad;celebrity;Mensen & familie;;;
el celular;cellphone / mobile phone;Technologie & media;;;Spanje: el móvil
la cena;dinner;Eten & drinken;;;
cenar;to have dinner;Werkwoorden;;;
el centro;downtown / center;Stad & reizen;;;
el centro comercial;shopping mall;Kleding & winkelen;;;
el centro comunitario;community center;Stad & reizen;;;
cepillarse;to brush (one's teeth/hair);Werkwoorden;;;
el cepillo;brush / hairbrush;Huis & dagelijks leven;;;
el cepillo de dientes;toothbrush;Huis & dagelijks leven;;;
cerca;nearby / near / close;Kleine woorden;;;
cerca de;near / close to;Kleine woorden;;;
el cerdo;pork / pig;Eten & drinken;;;ook: varken
el cereal;cereal / grain;Eten & drinken;;;
la ceremonia;ceremony;Vrije tijd & sport;;;
cerrar;to close;Werkwoorden;;;onregelmatig: cierro
la cerveza;beer;Eten & drinken;;;
el chaleco;vest / waistcoat;Kleding & winkelen;;;
el champán;champagne;Eten & drinken;;;
chao;bye;Begroetingen & beleefdheid;;;
la chaqueta;jacket / coat;Kleding & winkelen;;;
el charco;puddle;Natuur, weer & dieren;;;
charlar;to chat;Werkwoorden;;;
el chef;chef;Werk & school;;;vrouwelijk: la chef
la chica;girl;Mensen & familie;;;
el chicle;chewing gum / bubble gum;Eten & drinken;;;
el chico;boy;Mensen & familie;;;vrouwelijk: chica
los chicos;guys / boys / kids;Mensen & familie;;;ook voor gemengde groep
el chile;chili pepper;Eten & drinken;;;Chile met hoofdletter = het land
chileno;Chilean;Landen & talen;;;vrouwelijk: chilena
chino;Chinese;Landen & talen;;;"vrouwelijk: china; el chino = de taal"
el chisme;gossip;Gevoelens & karakter;;;
chismoso;gossipy;Gevoelens & karakter;;;vrouwelijk: chismosa
chocar;to crash / to collide;Werkwoorden;;;
el chocolate;chocolate;Eten & drinken;;;
choqué;(I) crashed;Werkwoordsvormen;;;vorm van chocar (yo, pretérito)
el ciclismo;cycling;Vrije tijd & sport;;;
el ciclista;cyclist;Vrije tijd & sport;;;vrouwelijk: la ciclista
el cielo;sky / heaven;Natuur, weer & dieren;;;
cien;one hundred / a hundred;Getallen & hoeveelheden;;;
la ciencia ficción;science fiction;Technologie & media;;;
ciento veinte;one hundred twenty;Getallen & hoeveelheden;;;
cierro;(I) close;Werkwoordsvormen;;;vorm van cerrar (yo, presente)
cierto;true / certain;Beschrijvingen;;;vrouwelijk: cierta
el cilantro;cilantro / coriander;Eten & drinken;;;
cinco;five;Getallen & hoeveelheden;;;
cincuenta;fifty;Getallen & hoeveelheden;;;
el cine;cinema / movie theater;Vrije tijd & sport;;;
el cinturón;belt;Kleding & winkelen;;;
la cita;date / appointment;Tijd & kalender;;;
la cita a ciegas;blind date;Mensen & familie;;;
la ciudad;city;Stad & reizen;;;
claro;of course / clear;Kleine woorden;;;ook bijv. nw.: helder, licht (kleur)
la clase;class / lesson;Werk & school;;;
el cliente;customer / client;Kleding & winkelen;;;vrouwelijk: la clienta
el clima;climate / weather;Natuur, weer & dieren;;;eindigt op -a, maar mannelijk
el club;club;Vrije tijd & sport;;;
clásico;classical / classic;Beschrijvingen;;;vrouwelijk: clásica
la clínica;clinic;Lichaam & gezondheid;;;
el coche;car;Stad & reizen;;;"Spanje; Latijns-Amerika: carro"
cocido;cooked / boiled;Eten & drinken;;;el cocido = stoofpot
la cocina;kitchen / cooking;Huis & dagelijks leven;;;ook: fornuis
cocinar;to cook;Werkwoorden;;;
el cocinero;cook;Werk & school;;;vrouwelijk: cocinera
el coco;coconut;Eten & drinken;;;
la colcha;bedspread;Huis & dagelijks leven;;;
la colección;collection;Vrije tijd & sport;;;
el colega;colleague / pal;Werk & school;;;vrouwelijk: la colega
el colegio;school;Werk & school;;;let op: geen 'college' maar school
colgar;to hang / to hang up;Werkwoorden;;;onregelmatig: cuelgo
el collar;necklace / collar;Kleding & winkelen;;;ook: halsband (dier)
Colombia;Colombia;Landen & talen;;;
colombiano;Colombian;Landen & talen;;;vrouwelijk: colombiana
el color;color;Beschrijvingen;;;
la comedia;comedy / play;Vrije tijd & sport;;;
el comentario;comment / commentary;Technologie & media;;;
comenzar;to start / to begin;Werkwoorden;;;onregelmatig: comienzo
comer;to eat;Werkwoorden;;;
la comida;food / meal / lunch;Eten & drinken;;;
la comida rápida;fast food;Eten & drinken;;;
el comienzo;beginning / start;Tijd & kalender;;;ook: (yo) comienzo = ik begin
la comisaría;police station;Stad & reizen;;;
como;like / as;Kleine woorden;;;ook: (yo) como = ik eet
como yo;like me;Uitdrukkingen;;;
compartir;to share;Werkwoorden;;;
la compañera de trabajo;coworker / colleague;Werk & school;;;mannelijk: compañero de trabajo
el compañero;classmate / companion / partner;Mensen & familie;;;vrouwelijk: compañera
el compañero de cuarto;roommate;Mensen & familie;;;vrouwelijk: compañera de cuarto
el compañero de trabajo;coworker / colleague;Werk & school;;;vrouwelijk: compañera de trabajo
la competencia;competition / ability;Vrije tijd & sport;;;
competitivo;competitive;Gevoelens & karakter;;;vrouwelijk: competitiva
completamente;completely;Kleine woorden;;;
completar;to complete;Werkwoorden;;;
completo;complete / full;Beschrijvingen;;;vrouwelijk: completa
complicado;complicated;Beschrijvingen;;;vrouwelijk: complicada
comprar;to buy;Werkwoorden;;;
la computadora;computer;Technologie & media;;;Spanje: el ordenador
la comunidad;community;Mensen & familie;;;
con;with;Kleine woorden;;;
con azúcar;with sugar;Eten & drinken;;;
con fuerza;with force / hard;Uitdrukkingen;;;
con hielo;with ice;Eten & drinken;;;
con leche;with milk;Eten & drinken;;;
con pollo;with chicken;Eten & drinken;;;
el concierto;concert;Vrije tijd & sport;;;
el concurso;contest / competition / quiz show;Vrije tijd & sport;;;
la condición;condition / term;Beschrijvingen;;;
el condimento;seasoning / condiment;Eten & drinken;;;
conducir;to drive;Werkwoorden;;;onregelmatig: conduzco
el conductor;driver;Stad & reizen;;;vrouwelijk: conductora
conduzco;(I) drive;Werkwoordsvormen;;;vorm van conducir (yo, presente)
la conexión;connection;Technologie & media;;;
confiable;reliable / trustworthy;Gevoelens & karakter;;;zelfde vorm m/v
confiar en;to trust;Werkwoorden;;;
confirmar;to confirm;Werkwoorden;;;
confundido;confused;Gevoelens & karakter;;;vrouwelijk: confundida
congelado;frozen;Eten & drinken;;;vrouwelijk: congelada
el congelador;freezer;Huis & dagelijks leven;;;
conmigo;with me;Kleine woorden;;;
conocer;to know / to meet;Werkwoorden;;;"kennen (mensen, plaatsen); saber = weten"
conocer a;to know / to meet (someone);Werkwoorden;;;'a' vóór een persoon
conocido;well-known / known;Beschrijvingen;;;"el conocido = de kennis; vrouwelijk: conocida"
conozco a;(I) know (someone);Werkwoordsvormen;;;vorm van conocer (yo, presente)
conseguir;to get / to achieve / to obtain;Werkwoorden;;;
el consejo;advice / tip;Huis & dagelijks leven;;;
contactar;to contact;Werkwoorden;;;
el contador;accountant;Werk & school;;;"vrouwelijk: contadora; ook: meter"
contar;to count / to tell;Werkwoorden;;;onregelmatig: cuento
contento;happy / glad;Gevoelens & karakter;;;vrouwelijk: contenta
contestar;to answer;Werkwoorden;;;
la contraseña;password;Technologie & media;;;
contratar;to hire;Werkwoorden;;;
el contrato;contract;Werk & school;;;ook: (yo) contrato = ik neem aan
controvertido;controversial;Beschrijvingen;;;vrouwelijk: controvertida
conveniente;convenient / advisable;Beschrijvingen;;;
conversar;to talk / to chat;Werkwoorden;;;
la copia;copy;Werk & school;;;
el corazón;heart;Lichaam & gezondheid;;;
la corbata;tie;Kleding & winkelen;;;
coreano;Korean;Landen & talen;;;vrouwelijk: coreana
correcto;correct / right / polite;Beschrijvingen;;;vrouwelijk: correcta
el correo;mail / email;Technologie & media;;;ook: post(kantoor)
el correo electrónico;email;Technologie & media;;;
correr;to run;Werkwoorden;;;
cortar;to cut / to cut off / to mow;Werkwoorden;;;
la cortina;curtain;Huis & dagelijks leven;;;
corto;short;Beschrijvingen;;;vrouwelijk: corta
la cosa;thing;Huis & dagelijks leven;;;
la costa;coast;Natuur, weer & dieren;;;
Costa Rica;Costa Rica;Landen & talen;;;
creativo;creative;Gevoelens & karakter;;;vrouwelijk: creativa
la crema;cream;Eten & drinken;;;
creo que;I think (that);Uitdrukkingen;;;van creer (yo, presente)
criticón;critical / judgmental;Gevoelens & karakter;;;vrouwelijk: criticona
el cruce;intersection / crossing;Stad & reizen;;;
crudo;raw;Eten & drinken;;;vrouwelijk: cruda
crujiente;crunchy / crispy;Eten & drinken;;;
cruzar;to cross;Werkwoorden;;;
el cuaderno;notebook;Werk & school;;;
la cuadra;block (of houses);Stad & reizen;;;Latijns-Amerika: huizenblok
cuadrado;square;Beschrijvingen;;;
el cuadro;painting / picture;Huis & dagelijks leven;;;
cuando;when;Kleine woorden;;;zonder accent: geen vraagwoord
cuanto antes;as soon as possible;Uitdrukkingen;;;
cuarenta;forty;Getallen & hoeveelheden;;;
el cuarto;room / quarter;Huis & dagelijks leven;;;ook: kwart / vierde
el cuarto de hora;quarter of an hour;Tijd & kalender;;;
el cuarto de huéspedes;guest room;Huis & dagelijks leven;;;
cuatro;four;Getallen & hoeveelheden;;;
los cubiertos;cutlery / silverware;Eten & drinken;;;
la cuchara;spoon;Eten & drinken;;;
el cuchillo;knife;Eten & drinken;;;
cuelgo;(I) hang up;Werkwoordsvormen;;;vorm van colgar (yo, presente)
el cuello;neck;Lichaam & gezondheid;;;
la cuenta;bill / check / account;Eten & drinken;;;ook: (bank)rekening
cuento;(I) tell / (I) count;Werkwoordsvormen;;;"vorm van contar (yo); el cuento = verhaal"
el cuerpo;body;Lichaam & gezondheid;;;
cuesta;(it) costs / (it) is hard;Werkwoordsvormen;;;vorm van costar (él/ella, presente)
cuidar;to take care of / to look after;Werkwoorden;;;
la cultura;culture;Vrije tijd & sport;;;
cultural;cultural;Beschrijvingen;;;
el cumpleaños;birthday;Tijd & kalender;;;"mannelijk; enkelvoud = meervoud"
cumplir;to turn (age) / to fulfil;Werkwoorden;;;cumplir años = jarig zijn
el currículum;CV / resume;Werk & school;;;
el curso;course / class / school year;Werk & school;;;
cuál;which;Kleine woorden;;;
cuáles;which (ones);Kleine woorden;;;meervoud van cuál
cuándo;when;Kleine woorden;;;met accent: vraagwoord
cuánta;how much;Kleine woorden;;;vrouwelijk van cuánto
cuántas;how many;Kleine woorden;;;vrouwelijk meervoud van cuánto
cuánto;how much;Kleine woorden;;;
cuánto cuesta;how much is it / how much does it cost;Kleding & winkelen;;;
cuánto cuestan;how much are they / how much do they cost;Kleding & winkelen;;;
cuántos;how many;Kleine woorden;;;
cuántos años;how old;Uitdrukkingen;;;¿Cuántos años tienes? = hoe oud ben je?
la cámara;camera;Technologie & media;;;
el cóctel;cocktail;Eten & drinken;;;
el código postal;postal code / zip code;Stad & reizen;;;
cómico;funny / comic;Gevoelens & karakter;;;vrouwelijk: cómica
cómo;how;Kleine woorden;;;
cómo es;what is ... like;Uitdrukkingen;;;vraagt naar eigenschappen (ser)
cómo está;how is (he/she) / how are you;Begroetingen & beleefdheid;;;usted-vorm (formeel)
cómo estás;how are you;Begroetingen & beleefdheid;;;tú-vorm (informeel)
cómo te llamas;what is your name?;Begroetingen & beleefdheid;;;
la cómoda;dresser / chest of drawers;Huis & dagelijks leven;;;ook bijv.nw.: comfortabel (vrouwelijk)
cómodo;comfortable;Beschrijvingen;;;
dar;to give;Werkwoorden;;;
dar clases;to teach;Werk & school;;;
los datos;data;Technologie & media;;;
dañado;damaged / injured;Beschrijvingen;;;
de;of / from;Kleine woorden;;;de + el = del
de acción;action (film);Vrije tijd & sport;;;película de acción = actiefilm
de acuerdo;okay / agreed;Uitdrukkingen;;;estar de acuerdo = het eens zijn
de ahí;from there;Uitdrukkingen;;;
de allá;from over there;Uitdrukkingen;;;
de cumpleaños;birthday (as in birthday cake);Tijd & kalender;;;pastel de cumpleaños = verjaardagstaart
de dónde eres;where are you from;Begroetingen & beleefdheid;;;
de hecho;in fact / actually;Uitdrukkingen;;;
de ida y vuelta;round-trip / return;Stad & reizen;;;billete de ida y vuelta = retourtje
de memoria;by heart;Uitdrukkingen;;;
de misterio;mystery (film/book);Vrije tijd & sport;;;
de nada;you're welcome;Begroetingen & beleefdheid;;;
de niño;as a child;Uitdrukkingen;;;
de nuevo;again;Uitdrukkingen;;;
de plástico;(made of) plastic;Beschrijvingen;;;
de repente;suddenly;Uitdrukkingen;;;
de suspenso;thriller / suspense (film);Vrije tijd & sport;;;
de terror;horror (film);Vrije tijd & sport;;;
de todas maneras;anyway;Uitdrukkingen;;;
de verdad;really / truly;Uitdrukkingen;;;
debajo de;under / underneath;Kleine woorden;;;
deber;to have to / must / to owe;Werkwoorden;;;ook zn.: el deber = de plicht
decidir;to decide;Werkwoorden;;;
decir;to say / to tell;Werkwoorden;;;
la decoración;decoration;Huis & dagelijks leven;;;
decorar;to decorate;Werkwoorden;;;
dedicarse a;to work as / to devote oneself to;Werkwoorden;;;¿A qué te dedicas? = wat doe je?
el dedo;finger;Lichaam & gezondheid;;;
el dedo del pie;toe;Lichaam & gezondheid;;;
definitivamente;definitely;Kleine woorden;;;
dejar;to leave / to let / to drop off;Werkwoorden;;;
del;of the / from the;Kleine woorden;;;samentrekking van de + el
delante de;in front of;Kleine woorden;;;
delgado;thin / slim;Beschrijvingen;;;vrouwelijk: delgada
delicioso;delicious;Eten & drinken;;;
demasiado;too / too much;Getallen & hoeveelheden;;;
demasiados;too many;Getallen & hoeveelheden;;;
demás;(the) others / (the) rest;Kleine woorden;;;los demás = de anderen
el dentista;dentist;Lichaam & gezondheid;;;vrouwelijk: la dentista
depende;(it) depends;Werkwoordsvormen;;;vorm van depender (él/ella, presente)
el deporte;sport;Vrije tijd & sport;;;
el deportista;athlete;Vrije tijd & sport;;;vrouwelijk: la deportista
depositar;to deposit;Werkwoorden;;;
deprimido;depressed;Gevoelens & karakter;;;
derecho;right / straight;Beschrijvingen;;;"todo derecho = rechtdoor; el derecho = het recht"
desafortunadamente;unfortunately;Kleine woorden;;;
el desastre;disaster;Huis & dagelijks leven;;;
desayunar;to have breakfast;Werkwoorden;;;
el desayuno;breakfast;Eten & drinken;;;
descansar;to rest;Werkwoorden;;;
el descanso;break / rest;Werk & school;;;
descargar;to download;Werkwoorden;;;
desconectar;to disconnect / to switch off;Werkwoorden;;;
describir;to describe;Werkwoorden;;;
desde;from / since;Kleine woorden;;;
desde hace;for (time);Tijd & kalender;;;vivo aquí desde hace un año
el desierto;desert;Natuur, weer & dieren;;;
el desodorante;deodorant;Lichaam & gezondheid;;;
desordenado;messy / untidy;Beschrijvingen;;;
despacio;slowly;Kleine woorden;;;
despejado;clear (sky);Natuur, weer & dieren;;;onbewolkt
el despertador;alarm clock;Huis & dagelijks leven;;;
despierto;awake;Beschrijvingen;;;ook: (yo) despierto = ik maak wakker
después;later / afterwards;Kleine woorden;;;
después de;after;Kleine woorden;;;
el destinatario;recipient;Technologie & media;;;vrouwelijk: la destinataria
el destino;destination / fate;Stad & reizen;;;
el detalle;detail / nice gesture / small gift;Huis & dagelijks leven;;;¡qué detalle! = wat attent!
el detergente;detergent;Huis & dagelijks leven;;;
detrás de;behind;Kleine woorden;;;
devolver;to return / to give back;Werkwoorden;;;
di;(I) gave / say! / tell!;Werkwoordsvormen;;;dar (yo, pretérito) of decir (tú, gebiedend)
el diario;diary / journal / newspaper;Technologie & media;;;ook bijv.nw.: dagelijks
dibujar;to draw;Werkwoorden;;;
el diccionario;dictionary;Werk & school;;;
diciembre;December;Tijd & kalender;;;
diecinueve;nineteen;Getallen & hoeveelheden;;;
dieciocho;eighteen;Getallen & hoeveelheden;;;
diecisiete;seventeen;Getallen & hoeveelheden;;;
dieciséis;sixteen;Getallen & hoeveelheden;;;
el diente;tooth;Lichaam & gezondheid;;;
la dieta;diet;Eten & drinken;;;
diez;ten;Getallen & hoeveelheden;;;
diferente;different;Beschrijvingen;;;
difícil;difficult / hard;Beschrijvingen;;;
el dinero;money;Kleding & winkelen;;;
el dinosaurio;dinosaur;Natuur, weer & dieren;;;
la dirección;address / direction;Stad & reizen;;;
el director;director / manager / principal;Werk & school;;;vrouwelijk: la directora
la discoteca;nightclub / club;Vrije tijd & sport;;;
disculpa;excuse me;Begroetingen & beleefdheid;;;tú-vorm
disculpe;excuse me;Begroetingen & beleefdheid;;;usted-vorm (formeel)
disculpen;excuse me;Begroetingen & beleefdheid;;;ustedes-vorm (meerdere personen)
discutir;to argue / to discuss;Werkwoorden;;;meestal: ruziemaken
el diseño;design;Werk & school;;;ook: (yo) diseño = ik ontwerp
el disfraz;costume / disguise;Kleding & winkelen;;;
disfrutar;to enjoy;Werkwoorden;;;
distraído;distracted;Gevoelens & karakter;;;
divertido;fun / funny;Gevoelens & karakter;;;
el divorcio;divorce;Mensen & familie;;;
el diálogo;dialogue;Werk & school;;;
el dj;DJ;Vrije tijd & sport;;;vrouwelijk: la dj
doblar;to turn / to fold;Werkwoorden;;;doblar a la derecha = rechtsaf slaan
doce;twelve;Getallen & hoeveelheden;;;
el doctor;doctor;Lichaam & gezondheid;;;vrouwelijk: la doctora
el documental;documentary;Technologie & media;;;
el documento;document;Werk & school;;;
doler;to hurt / to ache;Werkwoorden;;;werkt als gustar: me duele
el dolor;pain;Lichaam & gezondheid;;;
el dolor de estómago;stomachache;Lichaam & gezondheid;;;
el domingo;Sunday;Tijd & kalender;;;el domingo = op zondag
dormir;to sleep;Werkwoorden;;;
el dormitorio;bedroom;Huis & dagelijks leven;;;
dos;two;Getallen & hoeveelheden;;;
dos mil;two thousand;Getallen & hoeveelheden;;;
dos mil diez;two thousand ten;Getallen & hoeveelheden;;;
dos mil veinte;two thousand twenty;Getallen & hoeveelheden;;;
dos veces por;twice a (week, …);Tijd & kalender;;;dos veces por semana = twee keer per week
doscientos;two hundred;Getallen & hoeveelheden;;;
doy;(I) give;Werkwoordsvormen;;;vorm van dar (yo, presente)
dramático;dramatic;Gevoelens & karakter;;;
la ducha;shower;Huis & dagelijks leven;;;
ducharse;to shower / to take a shower;Werkwoorden;;;
duermo;(I) sleep;Werkwoordsvormen;;;vorm van dormir (yo, presente)
el dueño;owner / landlord;Huis & dagelijks leven;;;vrouwelijk: la dueña
dulce;sweet;Eten & drinken;;;
los dulces;sweets / candy;Eten & drinken;;;
durante;during;Kleine woorden;;;
durar;to last;Werkwoorden;;;
el durazno;peach;Eten & drinken;;;"Latijns-Amerika; Spanje: melocotón"
los duraznos;peaches;Eten & drinken;;;
duro;hard / tough;Beschrijvingen;;;
débil;weak;Beschrijvingen;;;
el día;day;Tijd & kalender;;;mannelijk, ondanks de -a
el dólar;dollar;Kleding & winkelen;;;
dónde;where;Kleine woorden;;;
ecuatoriano;Ecuadorian;Landen & talen;;;vrouwelijk: ecuatoriana
la edad;age;Mensen & familie;;;
el edificio;building;Stad & reizen;;;
egocéntrico;self-centred / egocentric;Gevoelens & karakter;;;
egoísta;selfish;Gevoelens & karakter;;;zelfde vorm voor m/v
eh;hey / huh;Kleine woorden;;;
el ejercicio;exercise;Vrije tijd & sport;;;
el;the;Kleine woorden;;;"zonder accent; él = hij"
el extranjero;abroad;Stad & reizen;;;ook: de buitenlander
el mejor;the best;Beschrijvingen;;;
el otro;the other (one);Kleine woorden;;;
la electricidad;electricity;Huis & dagelijks leven;;;
el electricista;electrician;Werk & school;;;vrouwelijk: la electricista
elegante;elegant;Beschrijvingen;;;
ella;she;Kleine woorden;;;
ellas;they;Kleine woorden;;;alleen vrouwen
ellos;they;Kleine woorden;;;
la emergencia;emergency;Lichaam & gezondheid;;;
emocionado;excited;Gevoelens & karakter;;;vrouwelijk: emocionada
emocionante;exciting / moving;Beschrijvingen;;;
el emoji;emoji;Technologie & media;;;
la empanada;empanada;Eten & drinken;;;gevuld deeghapje
empatar;to tie / to draw (a game);Werkwoorden;;;
empezar;to start / to begin;Werkwoorden;;;
empezar a;to begin to / to start to;Werkwoorden;;;
empieza;(it) begins / (it) starts;Werkwoordsvormen;;;vorm van empezar (él/ella, presente)
empiezo a;(I) start to / (I) begin to;Werkwoordsvormen;;;vorm van empezar (yo, presente)
el empleado;employee;Werk & school;;;vrouwelijk: la empleada
la empresa;company / business;Werk & school;;;
el empresario;businessman / entrepreneur;Werk & school;;;vrouwelijk: la empresaria
en;in / on / at;Kleine woorden;;;
en casa;at home;Huis & dagelijks leven;;;
en coche;by car;Stad & reizen;;;
en común;in common;Uitdrukkingen;;;
en efectivo;in cash;Kleding & winkelen;;;
en este momento;right now / at the moment;Tijd & kalender;;;
en fin;anyway / in short;Uitdrukkingen;;;
en forma;in shape / fit;Lichaam & gezondheid;;;
en general;in general / generally / overall;Uitdrukkingen;;;
en grupo;in a group;Uitdrukkingen;;;
en las afueras;in the suburbs / on the outskirts;Stad & reizen;;;
en línea;online;Technologie & media;;;
en oferta;on sale;Kleding & winkelen;;;
en particular;in particular;Uitdrukkingen;;;
en punto;o'clock / sharp;Tijd & kalender;;;
en realidad;actually / really;Uitdrukkingen;;;
en serio;seriously / really;Uitdrukkingen;;;
en tren;by train;Stad & reizen;;;
en vez de;instead of;Kleine woorden;;;
enamorado;in love;Gevoelens & karakter;;;estar enamorado de = verliefd zijn op
encantada;pleased to meet you / delighted;Begroetingen & beleefdheid;;;gezegd door een vrouw
encantado;pleased to meet you / delighted;Begroetingen & beleefdheid;;;gezegd door een man
encantar;to love / to delight;Werkwoorden;;;werkt als gustar: me encanta
encargarse de;to take charge of / to take care of / to handle;Werkwoorden;;;
la enchilada;enchilada;Eten & drinken;;;
encima de;on top of / above;Kleine woorden;;;
encontrar;to find;Werkwoorden;;;
encuentro;(I) find;Werkwoordsvormen;;;vorm van encontrar (yo, presente)
la energía;energy;Lichaam & gezondheid;;;
enero;January;Tijd & kalender;;;
la enfermedad;illness / disease;Lichaam & gezondheid;;;
el enfermero;nurse;Werk & school;;;vrouwelijk: enfermera
enfermo;sick / ill;Lichaam & gezondheid;;;vrouwelijk: enferma
enfrente de;in front of / opposite;Kleine woorden;;;
enhorabuena;congratulations;Begroetingen & beleefdheid;;;
enojado;angry;Gevoelens & karakter;;;vrouwelijk: enojada
enorme;huge / enormous;Beschrijvingen;;;
la ensalada;salad;Eten & drinken;;;
enseguida;right away / straightaway;Kleine woorden;;;
enseñar;to teach / to show;Werkwoorden;;;
entender;to understand;Werkwoorden;;;
entiendo;(I) understand;Werkwoordsvormen;;;vorm van entender (yo, presente)
entonces;so / then;Kleine woorden;;;
la entrada;ticket / entrance;Vrije tijd & sport;;;
entre;between / among;Kleine woorden;;;
entregar;to deliver / to hand in;Werkwoorden;;;
el entrenador;coach / trainer;Vrije tijd & sport;;;vrouwelijk: entrenadora
el entrenamiento;training / practice;Vrije tijd & sport;;;
entrenar;to train;Werkwoorden;;;
entretenido;entertaining / fun;Beschrijvingen;;;vrouwelijk: entretenida
la entrevista;interview;Werk & school;;;
enviar;to send;Werkwoorden;;;
el equipo;team / equipment / gear;Vrije tijd & sport;;;
equivocado;wrong / mistaken;Beschrijvingen;;;estar equivocado = zich vergissen
era;(I / he / she) was;Werkwoordsvormen;;;vorm van ser (yo/él, imperfecto)
eran;(they) were;Werkwoordsvormen;;;vorm van ser (ellos, imperfecto)
eras;(you) were;Werkwoordsvormen;;;vorm van ser (tú, imperfecto)
eres;(you) are;Werkwoordsvormen;;;vorm van ser (tú, presente)
eres de;you are from;Uitdrukkingen;;;eres = vorm van ser (tú, presente)
es;(he / she / it) is;Werkwoordsvormen;;;vorm van ser (él/ella/usted, presente)
es de;is from / belongs to;Uitdrukkingen;;;es = vorm van ser (él, presente)
es mentira;that's not true / it's a lie;Uitdrukkingen;;;
es que;the thing is;Uitdrukkingen;;;
es verdad;it's true;Uitdrukkingen;;;
esa;that / that one;Kleine woorden;;;vrouwelijk van ese
esas;those;Kleine woorden;;;vrouwelijk meervoud van ese
escalar;to climb;Werkwoorden;;;
la escalera;stairs / ladder;Huis & dagelijks leven;;;
escaparse;to escape;Werkwoorden;;;
la escoba;broom;Huis & dagelijks leven;;;
escoger;to choose / to pick;Werkwoorden;;;
esconder;to hide;Werkwoorden;;;
escribir;to write;Werkwoorden;;;
escrito;written;Werkwoordsvormen;;;voltooid deelwoord van escribir (onregelmatig)
el escritor;writer;Werk & school;;;vrouwelijk: escritora
el escritorio;desk;Werk & school;;;
escuchar;to listen / to hear;Werkwoorden;;;
la escuela;school;Werk & school;;;
ese;that;Kleine woorden;;;
esencial;essential;Beschrijvingen;;;
esforzarse;to make an effort / to strive;Werkwoorden;;;
eso;that / it;Kleine woorden;;;onzijdig: voor iets onbepaalds
esos;those;Kleine woorden;;;
el espacio;space;Natuur, weer & dieren;;;
la espalda;back;Lichaam & gezondheid;;;de rug (lichaamsdeel)
espantoso;awful / terrible / frightful;Beschrijvingen;;;vrouwelijk: espantosa
España;Spain;Landen & talen;;;
el español;Spanish;Landen & talen;;;als bijv. nw. vrouwelijk: española
la especia;spice;Eten & drinken;;;niet verwarren met especie (soort)
especial;special;Beschrijvingen;;;
el especialista;specialist / stuntman;Werk & school;;;vrouwelijk: la especialista
especialmente;especially;Kleine woorden;;;
el espectáculo;show / performance;Vrije tijd & sport;;;
el espejo;mirror;Huis & dagelijks leven;;;
espera;(he / she) waits / wait!;Werkwoordsvormen;;;vorm van esperar (él, presente / tú, gebiedend)
esperar;to wait / to hope / to expect;Werkwoorden;;;
esperar a;to wait for;Werkwoorden;;;
espere;(you, formal) wait!;Werkwoordsvormen;;;vorm van esperar (usted, gebiedende wijs)
las espinacas;spinach;Eten & drinken;;;
la esponja;sponge;Huis & dagelijks leven;;;
la esposa;wife;Mensen & familie;;;"mannelijk: esposo; las esposas = ook handboeien"
el esposo;husband;Mensen & familie;;;
esquiar;to ski;Werkwoorden;;;
la esquina;corner;Stad & reizen;;;
esta;this;Kleine woorden;;;"vrouwelijk van este; ≠ está (is)"
el estacionamiento;parking / parking lot;Stad & reizen;;;
la estación;station / season;Stad & reizen;;;ook: seizoen
la estación de metro;subway station / metro station;Stad & reizen;;;
la estación de tren;train station;Stad & reizen;;;
el estadio;stadium;Vrije tijd & sport;;;
Estados unidos;United States;Landen & talen;;;
estadounidense;American;Landen & talen;;;"uit de VS; m/v gelijk"
estamos;(we) are;Werkwoordsvormen;;;vorm van estar (nosotros, presente)
la estampilla;stamp;Huis & dagelijks leven;;;"Latijns-Amerika; in Spanje: el sello"
el estante;shelf;Huis & dagelijks leven;;;
la estantería;bookcase / shelf;Huis & dagelijks leven;;;
estar;to be;Werkwoorden;;;tijdelijk zijn / locatie (vs. ser)
estar de acuerdo;to agree;Werkwoorden;;;
estar seguro;to be sure;Werkwoorden;;;
estas;these;Kleine woorden;;;"vrouwelijk meervoud; ≠ estás (je bent)"
la estatua;statue;Stad & reizen;;;
este;this;Kleine woorden;;;ook: el este = het oosten
esto;this;Kleine woorden;;;onzijdig: voor iets onbepaalds
estos;these;Kleine woorden;;;
estoy;(I) am;Werkwoordsvormen;;;vorm van estar (yo, presente)
la estrategia;strategy;Werk & school;;;
estrecho;narrow / tight;Beschrijvingen;;;vrouwelijk: estrecha
la estrella;star;Natuur, weer & dieren;;;
estresado;stressed;Gevoelens & karakter;;;vrouwelijk: estresada
estresante;stressful;Beschrijvingen;;;
estricto;strict;Gevoelens & karakter;;;vrouwelijk: estricta
el estrés;stress;Gevoelens & karakter;;;
el estudiante;student;Werk & school;;;vrouwelijk: la estudiante
estudias;(you) study;Werkwoordsvormen;;;vorm van estudiar (tú, presente)
el estudio;study / studio;Werk & school;;;ook: (yo) estudio = ik studeer
la estufa;stove / heater;Huis & dagelijks leven;;;"Spanje: kachel; Lat.-Amerika: fornuis"
estuve;(I) was;Werkwoordsvormen;;;vorm van estar (yo, pretérito)
está;(he / she / it) is;Werkwoordsvormen;;;vorm van estar (él/ella, presente)
está bien;okay / it's fine;Uitdrukkingen;;;
está bueno;it tastes good / it's good;Eten & drinken;;;
están;(they) are;Werkwoordsvormen;;;vorm van estar (ellos, presente)
estás;(you) are;Werkwoordsvormen;;;vorm van estar (tú, presente)
el estómago;stomach;Lichaam & gezondheid;;;
la etiqueta;label / tag / sticker;Kleding & winkelen;;;ook: etiquette
el euro;euro;Kleding & winkelen;;;
Europa;Europe;Landen & talen;;;
europeo;European;Landen & talen;;;vrouwelijk: europea
el evento;event;Vrije tijd & sport;;;
evitar;to avoid;Werkwoorden;;;
el ex;ex;Mensen & familie;;;vrouwelijk: la ex
exactamente;exactly;Kleine woorden;;;
exacto;exactly / exact;Uitdrukkingen;;;als uitroep: ¡Exacto! = precies!
el examen;exam;Werk & school;;;
el examen médico;medical exam / check-up;Lichaam & gezondheid;;;
excelente;excellent / great;Beschrijvingen;;;
la excursión;trip / outing / hike;Vrije tijd & sport;;;
la excusa;excuse;Huis & dagelijks leven;;;
exigente;demanding / picky;Gevoelens & karakter;;;
exitoso;successful;Gevoelens & karakter;;;"van éxito (succes); vrouwelijk: exitosa"
la experiencia;experience;Werk & school;;;
explicar;to explain;Werkwoorden;;;
explorar;to explore;Werkwoorden;;;
la exposición;exhibition;Vrije tijd & sport;;;
extranjero;foreign / foreigner;Landen & talen;;;vrouwelijk: extranjera
extraño;strange / weird;Beschrijvingen;;;vrouwelijk: extraña
exótico;exotic;Beschrijvingen;;;
la factura;bill / invoice;Kleding & winkelen;;;de rekening / factuur
la falda;skirt;Kleding & winkelen;;;
falta;(it) is missing / lacking;Werkwoordsvormen;;;"vorm van faltar (él, presente); ook: la falta"
faltar;to be missing / to lack / to skip;Werkwoorden;;;me falta… = ik kom … tekort
la familia;family;Mensen & familie;;;
famoso;famous;Beschrijvingen;;;vrouwelijk: famosa
el fan;fan;Vrije tijd & sport;;;vrouwelijk: la fan
el fantasma;ghost;Vrije tijd & sport;;;mannelijk, ondanks de -a
la fantasía;fantasy;Vrije tijd & sport;;;
fantástico;fantastic;Beschrijvingen;;;
la farmacia;pharmacy / drugstore;Lichaam & gezondheid;;;
la farola;streetlight / lamppost;Stad & reizen;;;
favorito;favorite;Beschrijvingen;;;vrouwelijk: favorita
febrero;February;Tijd & kalender;;;
la fecha;date;Tijd & kalender;;;
la fecha de entrega;deadline / due date;Werk & school;;;
la felicidad;happiness;Gevoelens & karakter;;;
felicitaciones;congratulations;Begroetingen & beleefdheid;;;
felicitar;to congratulate;Werkwoorden;;;
feliz;happy;Gevoelens & karakter;;;
feliz cumpleaños;happy birthday;Begroetingen & beleefdheid;;;
feo;ugly;Beschrijvingen;;;vrouwelijk: fea
la feria;fair / festival;Vrije tijd & sport;;;
el feriado;public holiday;Tijd & kalender;;;
el festival;festival;Vrije tijd & sport;;;
la fiebre;fever;Lichaam & gezondheid;;;
la fiesta;party;Vrije tijd & sport;;;
la fila;row / line;Huis & dagelijks leven;;;
el fin de curso;end of the school year;Werk & school;;;
el fin de semana;weekend;Tijd & kalender;;;
el final;end / ending;Tijd & kalender;;;
finalmente;finally;Kleine woorden;;;
la firma;signature;Werk & school;;;ook: firma / bedrijf
firmar;to sign;Werkwoorden;;;
flaco;skinny / thin;Beschrijvingen;;;vrouwelijk: flaca
el flamenco;flamenco;Vrije tijd & sport;;;ook: flamingo / Vlaams
flexible;flexible;Beschrijvingen;;;
la flor;flower;Natuur, weer & dieren;;;vrouwelijk, ondanks -or
formal;formal / reliable / responsible;Gevoelens & karakter;;;over personen: betrouwbaar
el formulario;form;Werk & school;;;
el foro;forum;Technologie & media;;;
la foto;photo / picture;Vrije tijd & sport;;;vrouwelijk (kort voor la fotografía)
la fotocopia;photocopy / copy;Werk & school;;;
la fotocopiadora;photocopier / copier;Werk & school;;;
la fotografía;photography / photograph;Vrije tijd & sport;;;
el fotógrafo;photographer;Werk & school;;;vrouwelijk: fotógrafa
fracturarse;to fracture / to break (a bone);Werkwoorden;;;
Francia;France;Landen & talen;;;
el francés;French;Landen & talen;;;als bijv. nw. vrouwelijk: francesa
frecuentemente;frequently / often;Kleine woorden;;;
la fresa;strawberry;Eten & drinken;;;
fresco;fresh / cool;Beschrijvingen;;;vrouwelijk: fresca
el frijol;bean;Eten & drinken;;;
frito;fried;Eten & drinken;;;
frustrado;frustrated;Gevoelens & karakter;;;vrouwelijk: frustrada
la fruta;fruit;Eten & drinken;;;
el fruto seco;nut;Eten & drinken;;;meestal meervoud: frutos secos
frío;cold;Natuur, weer & dieren;;;hace frío = het is koud
fue;(he / she / it) was / went;Werkwoordsvormen;;;vorm van ser/ir (él, pretérito)
la fuente;fountain / source;Stad & reizen;;;
fuera;outside;Kleine woorden;;;
fueron;(they) went / were;Werkwoordsvormen;;;vorm van ir/ser (ellos, pretérito)
fuerte;strong;Beschrijvingen;;;
fui;(I) went / was;Werkwoordsvormen;;;vorm van ir/ser (yo, pretérito)
fuimos;(we) went / were;Werkwoordsvormen;;;vorm van ir/ser (nosotros, pretérito)
fuiste;(you) went / were;Werkwoordsvormen;;;vorm van ir/ser (tú, pretérito)
fumar;to smoke;Werkwoorden;;;
funcionar;to work / to function;Werkwoorden;;;voor apparaten: werken
el funcionario;civil servant / official;Werk & school;;;vrouwelijk: funcionaria
el futbolista;soccer player / footballer;Vrije tijd & sport;;;vrouwelijk: la futbolista
el futuro;future;Tijd & kalender;;;
la fábrica;factory;Werk & school;;;
fácil;easy;Beschrijvingen;;;
fácilmente;easily;Kleine woorden;;;
físico;physical;Beschrijvingen;;;vrouwelijk: física
el fútbol;soccer / football;Vrije tijd & sport;;;
la galleta;cookie / biscuit;Eten & drinken;;;
ganar;to win / to earn;Werkwoorden;;;
el garaje;garage;Huis & dagelijks leven;;;
la garganta;throat;Lichaam & gezondheid;;;
la gasolinera;gas station;Stad & reizen;;;
el gato;cat;Natuur, weer & dieren;;;vrouwelijk: gata
el gemelo;twin;Mensen & familie;;;vrouwelijk: gemela
la generación;generation / class;Mensen & familie;;;
generalmente;usually / generally;Kleine woorden;;;
generoso;generous;Gevoelens & karakter;;;vrouwelijk: generosa
genial;great / cool;Beschrijvingen;;;
la gente;people;Mensen & familie;;;enkelvoud: la gente es…
la geografía;geography;Werk & school;;;
el gerente;manager;Werk & school;;;vrouwelijk: la gerente
gigante;giant;Beschrijvingen;;;
la gimnasia;gymnastics;Vrije tijd & sport;;;
el gimnasio;gym;Vrije tijd & sport;;;
el gol;goal;Vrije tijd & sport;;;"alleen doelpunt; doel = objetivo"
el golf;golf;Vrije tijd & sport;;;
la goma;eraser / rubber;Werk & school;;;
gordo;fat;Beschrijvingen;;;vrouwelijk: gorda
la gorra;cap;Kleding & winkelen;;;
grabar;to record;Werkwoorden;;;
gracias;thank you / thanks;Begroetingen & beleefdheid;;;
gracias por;thank you for;Begroetingen & beleefdheid;;;
graciosa;funny;Gevoelens & karakter;;;vrouwelijke vorm van gracioso
gracioso;funny;Gevoelens & karakter;;;valse vriend: niet 'gracieus'
la graduación;graduation;Werk & school;;;
el gramo;gram;Getallen & hoeveelheden;;;
grande;big / large;Beschrijvingen;;;voor enkelvoudig zn.: gran (un gran día)
gratis;free (of charge);Kleding & winkelen;;;vrij = libre
grave;serious;Beschrijvingen;;;
gris;gray / grey;Beschrijvingen;;;
gritar;to shout / to scream;Werkwoorden;;;
grosero;rude;Gevoelens & karakter;;;vrouwelijk: grosera
el grupo;group;Mensen & familie;;;
el guante;glove;Kleding & winkelen;;;
guapo;good-looking / handsome;Gevoelens & karakter;;;vrouwelijk: guapa
guapísimo;very good-looking / gorgeous;Gevoelens & karakter;;;overtreffende vorm van guapo
guardar;to keep / to save / to put away;Werkwoorden;;;
guau;wow;Uitdrukkingen;;;
la guerra;war;Uitdrukkingen;;;
el guiso;stew;Eten & drinken;;;ook: (yo) guiso = ik stoof/kook
la guitarra;guitar;Vrije tijd & sport;;;
el gusto;taste / pleasure / liking;Gevoelens & karakter;;;mucho gusto = aangenaam (kennis te maken)
la guía;guide / guidebook;Stad & reizen;;;el guía = gids (persoon), la guía = gidsboek
ha;(he/she) has;Werkwoordsvormen;;;vorm van haber (él/ella, presente)
la habitación;room / bedroom;Huis & dagelijks leven;;;
hablar;to speak / to talk;Werkwoorden;;;
hablas;(you) speak;Werkwoordsvormen;;;vorm van hablar (tú, presente)
hace;(he/she) does / (he/she) makes;Werkwoordsvormen;;;vorm van hacer (él/ella, presente)
hace sol;it's sunny;Natuur, weer & dieren;;;
hacer;to do / to make;Werkwoorden;;;onregelmatig
hacer ejercicio;to exercise;Vrije tijd & sport;;;
hacer fila;to stand in line / to queue;Uitdrukkingen;;;
hacer la compra;to do the shopping / to buy groceries;Kleding & winkelen;;;boodschappen doen
hacer las maletas;to pack (one's bags);Stad & reizen;;;koffers pakken
hacer un viaje;to take a trip / to go on a trip;Stad & reizen;;;
hacer una fiesta;to throw a party / to have a party;Vrije tijd & sport;;;
hacia;towards;Kleine woorden;;;
hago;(I) do / (I) make;Werkwoordsvormen;;;vorm van hacer (yo, presente)
la hamburguesa;hamburger / burger;Eten & drinken;;;
han;(they) have;Werkwoordsvormen;;;vorm van haber (ellos, presente)
la harina;flour;Eten & drinken;;;
harto de;fed up with;Gevoelens & karakter;;;vrouwelijk: harta de
has;(you) have;Werkwoordsvormen;;;vorm van haber (tú, presente)
hasta;until / up to;Kleine woorden;;;
hasta luego;see you later;Begroetingen & beleefdheid;;;
hasta pronto;see you soon;Begroetingen & beleefdheid;;;
hasta tarde;until late;Tijd & kalender;;;
hay;there is / there are;Werkwoordsvormen;;;vorm van haber (onpersoonlijk)
hay que;one must / it's necessary to;Uitdrukkingen;;;hay que + infinitief = men moet
haz;(you) do! / (you) make!;Werkwoordsvormen;;;vorm van hacer (tú, gebiedende wijs)
he;(I) have;Werkwoordsvormen;;;vorm van haber (yo, presente)
hecho;done / made;Werkwoordsvormen;;;"voltooid deelwoord van hacer; el hecho = feit"
el helado;ice cream;Eten & drinken;;;
hemos;(we) have;Werkwoordsvormen;;;vorm van haber (nosotros, presente)
la herida;wound / injury;Lichaam & gezondheid;;;
la hermana;sister;Mensen & familie;;;
el hermano;brother;Mensen & familie;;;
los hermanos;brothers / siblings;Mensen & familie;;;ook: broers en zussen
hermoso;beautiful;Beschrijvingen;;;vrouwelijk: hermosa
la heroína;heroine;Mensen & familie;;;ook: heroïne (drug)
la herramienta;tool;Huis & dagelijks leven;;;
el hielo;ice;Natuur, weer & dieren;;;
la hija;daughter;Mensen & familie;;;
el hijo;son;Mensen & familie;;;
hijo único;only child;Mensen & familie;;;vrouwelijk: hija única
los hijos;children / kids / sons;Mensen & familie;;;
la historia;history / story;Werk & school;;;ook: verhaal
el hockey;hockey;Vrije tijd & sport;;;
la hoja;leaf / sheet (of paper);Natuur, weer & dieren;;;
hola;hello / hi;Begroetingen & beleefdheid;;;
el hombre;man;Mensen & familie;;;
el hombro;shoulder;Lichaam & gezondheid;;;
honestamente;honestly;Kleine woorden;;;
honesto;honest;Gevoelens & karakter;;;vrouwelijk: honesta
el hongo;mushroom / fungus;Eten & drinken;;;
la hora;hour / time;Tijd & kalender;;;¿qué hora es? = hoe laat is het?
la hora pico;rush hour;Stad & reizen;;;
el horario;schedule / timetable;Tijd & kalender;;;
la hormiga;ant;Natuur, weer & dieren;;;
el horno;oven;Huis & dagelijks leven;;;
horrible;horrible / awful;Beschrijvingen;;;
el hospital;hospital;Lichaam & gezondheid;;;
el hotel;hotel;Stad & reizen;;;
hoy;today;Tijd & kalender;;;
hoy en día;nowadays;Tijd & kalender;;;
el huevo;egg;Eten & drinken;;;
el héroe;hero;Mensen & familie;;;vrouwelijk: la heroína
iba;(I/he/she) was going / used to go;Werkwoordsvormen;;;vorm van ir (yo/él/ella, imperfecto)
iban;(they) were going / (they) used to go;Werkwoordsvormen;;;vorm van ir (ellos, imperfecto)
ibas;(you) were going / (you) used to go;Werkwoordsvormen;;;vorm van ir (tú, imperfecto)
la idea;idea;Uitdrukkingen;;;
la identificación;ID / identification;Stad & reizen;;;
el idioma;language;Landen & talen;;;mannelijk ondanks de -a
ido;gone / been;Werkwoordsvormen;;;voltooid deelwoord van ir
la iglesia;church;Stad & reizen;;;
igual;same / equal / anyway;Beschrijvingen;;;
imaginario;imaginary;Beschrijvingen;;;vrouwelijk: imaginaria
impaciente;impatient;Gevoelens & karakter;;;
impactante;shocking / striking / impressive;Beschrijvingen;;;
el impermeable;raincoat;Kleding & winkelen;;;ook bijv. nw.: waterdicht
importante;important;Beschrijvingen;;;
impresionante;impressive / amazing;Beschrijvingen;;;
la impresora;printer;Technologie & media;;;
el incendio;fire (blaze);Huis & dagelijks leven;;;"brand; vuur zelf = el fuego"
incorrecto;incorrect / wrong;Beschrijvingen;;;
increíble;incredible / amazing;Beschrijvingen;;;
incómodo;uncomfortable;Beschrijvingen;;;vrouwelijk: incómoda
la indicación;direction / instruction / sign;Stad & reizen;;;indicaciones = routebeschrijving
la información;information;Technologie & media;;;
informal;informal / casual;Beschrijvingen;;;
el informe;report;Werk & school;;;
la infusión;herbal tea / infusion;Eten & drinken;;;
el ingeniero;engineer;Werk & school;;;vrouwelijk: la ingeniera
el inglés;English;Landen & talen;;;"ook bijv. nw.; vrouwelijk: inglesa"
el ingrediente;ingredient;Eten & drinken;;;
innecesario;unnecessary;Beschrijvingen;;;
el inodoro;toilet;Huis & dagelijks leven;;;
inscribirse;to sign up / to enroll / to register;Werkwoorden;;;
el insecto;insect;Natuur, weer & dieren;;;
insistir;to insist;Werkwoorden;;;
el instituto;high school / institute;Werk & school;;;in Spanje: middelbare school
la instrucción;instruction;Werk & school;;;
el instructor;instructor;Werk & school;;;vrouwelijk: la instructora
el instrumento;instrument;Vrije tijd & sport;;;
inteligente;intelligent / smart;Gevoelens & karakter;;;
intentar;to try / to attempt;Werkwoorden;;;
interesante;interesting;Beschrijvingen;;;
interesantísimo;very interesting / extremely interesting;Beschrijvingen;;;overtreffende vorm van interesante
internet;internet;Technologie & media;;;
la intersección;intersection;Stad & reizen;;;
introvertido;introverted;Gevoelens & karakter;;;vrouwelijk: introvertida
el invierno;winter;Tijd & kalender;;;
la invitación;invitation;Vrije tijd & sport;;;
el invitado;guest;Mensen & familie;;;vrouwelijk: la invitada
invitar a;to invite;Werkwoorden;;;
ir;to go;Werkwoorden;;;onregelmatig
ir a;to go to / to be going to;Werkwoorden;;;ir a + infinitief = gaan (toekomst)
la isla;island;Natuur, weer & dieren;;;
el italiano;Italian;Landen & talen;;;"ook bijv. nw.; vrouwelijk: italiana"
izquierdo;left;Stad & reizen;;;vrouwelijk: izquierda
el jabón;soap;Huis & dagelijks leven;;;
jamás;never;Kleine woorden;;;
el jamón;ham;Eten & drinken;;;
el japonés;Japanese;Landen & talen;;;"ook bijv. nw.; vrouwelijk: japonesa"
el jarabe;syrup / cough syrup;Lichaam & gezondheid;;;
el jardinero;gardener;Werk & school;;;vrouwelijk: la jardinera
el jardín;garden / yard;Huis & dagelijks leven;;;
los jeans;jeans;Kleding & winkelen;;;
la jefa;boss / manager;Werk & school;;;vrouwelijke vorm van jefe
el jefe;boss;Werk & school;;;vrouwelijk: la jefa
el jengibre;ginger;Eten & drinken;;;
joven;young;Beschrijvingen;;;
jubilarse;to retire;Werkwoorden;;;
el juego;game;Vrije tijd & sport;;;
el jueves;Thursday;Tijd & kalender;;;
la jugada;move / play;Vrije tijd & sport;;;
el jugador;player;Vrije tijd & sport;;;vrouwelijk: la jugadora
jugar;to play;Werkwoorden;;;"spel/sport; instrument bespelen = tocar"
jugar a;to play (a game/sport);Werkwoorden;;;
el jugo;juice;Eten & drinken;;;in Spanje: el zumo
el juguete;toy;Vrije tijd & sport;;;
julio;July;Tijd & kalender;;;
junio;June;Tijd & kalender;;;
juntarse;to get together / to hang out;Werkwoorden;;;
juntos;together;Kleine woorden;;;vrouwelijk: juntas
justo;exactly / just / fair;Kleine woorden;;;ook bijv. nw.: eerlijk
el karaoke;karaoke;Vrije tijd & sport;;;
el karate;karate;Vrije tijd & sport;;;
el kilo;kilo / kilogram;Getallen & hoeveelheden;;;
kilo de;kilo of;Getallen & hoeveelheden;;;
kilos de;kilos of;Getallen & hoeveelheden;;;
el kilómetro;kilometer;Getallen & hoeveelheden;;;
la;the / her / it;Kleine woorden;;;lidwoord (vr.) of lijdend vnw.
la otra;the other (one);Kleine woorden;;;
la verdad;the truth / honestly;Uitdrukkingen;;;ook: eerlijk gezegd
el lago;lake;Natuur, weer & dieren;;;
la laguna;lagoon / small lake;Natuur, weer & dieren;;;
lamentablemente;unfortunately;Kleine woorden;;;
largo;long;Beschrijvingen;;;let op: niet 'large' (= grande)
las;the / them / you;Kleine woorden;;;lidwoord (vr. mv.) of lijdend vnw.
lastimarse;to hurt oneself / to get hurt;Werkwoorden;;;
la lata;can / tin;Eten & drinken;;;
el lavabo;sink / washbasin;Huis & dagelijks leven;;;in Spanje ook: toilet
la lavadora;washing machine;Huis & dagelijks leven;;;
el lavaplatos;dishwasher;Huis & dagelijks leven;;;"mannelijk; enkelvoud = meervoud"
lavar;to wash;Werkwoorden;;;
lavarse;to wash (oneself);Werkwoorden;;;
le;(to) him / (to) her / (to) you;Kleine woorden;;;meewerkend vnw. (indirect object)
le gusta;(he/she) likes / (you) like;Uitdrukkingen;;;letterlijk: het bevalt hem/haar
le gustan;(he/she) likes / (you) like;Uitdrukkingen;;;gustan: wat bevalt is meervoud
le interesa;(he/she) is interested in / (you) are interested in;Uitdrukkingen;;;
le interesan;(he/she) is interested in / (you) are interested in;Uitdrukkingen;;;interesan: onderwerp is meervoud
la lección;lesson;Werk & school;;;
la leche;milk;Eten & drinken;;;
la lechuga;lettuce;Eten & drinken;;;
leer;to read;Werkwoorden;;;
lejos;far / far away;Kleine woorden;;;
lejos de;far from;Stad & reizen;;;
lentamente;slowly;Kleine woorden;;;
los lentes;glasses;Kleding & winkelen;;;
los lentes de sol;sunglasses;Kleding & winkelen;;;
lento;slow;Beschrijvingen;;;vrouwelijk: lenta
les;(to) them / (to) you;Kleine woorden;;;meewerkend vnw. meervoud
les gusta;(they) like / (you all) like;Uitdrukkingen;;;
les gustan;(they) like / (you all) like;Uitdrukkingen;;;gustan: wat bevalt is meervoud
les interesa;(they) are interested in / (you all) are interested in;Uitdrukkingen;;;
les interesan;(they) are interested in / (you all) are interested in;Uitdrukkingen;;;interesan: onderwerp is meervoud
levantar;to lift / to raise;Werkwoorden;;;
levantarse;to get up;Werkwoorden;;;
libre;free;Beschrijvingen;;;"vrij; gratis = gratis"
la librería;bookstore;Stad & reizen;;;false friend: bibliotheek = la biblioteca
el libro;book;Vrije tijd & sport;;;
la licencia;license / permit;Stad & reizen;;;
la lima;lime;Eten & drinken;;;Lima = hoofdstad van Peru
limitado;limited;Beschrijvingen;;;
la limonada;lemonade;Eten & drinken;;;
limpiar;to clean;Werkwoorden;;;
la limpieza;cleaning;Huis & dagelijks leven;;;
limpio;clean;Beschrijvingen;;;
el limón;lemon;Eten & drinken;;;
lindo;nice / pretty / lovely;Beschrijvingen;;;vrouwelijk: linda
la lista;list;Huis & dagelijks leven;;;
la lista de la compra;shopping list;Kleding & winkelen;;;
listo;ready / smart;Beschrijvingen;;;estar listo = klaar, ser listo = slim
la literatura;literature;Werk & school;;;
el litro;liter;Getallen & hoeveelheden;;;
llamar;to call;Werkwoorden;;;
llamar a;to call (someone);Werkwoorden;;;
llamarse;to be called / to be named;Werkwoorden;;;me llamo... = ik heet...
la llave;key;Huis & dagelijks leven;;;
llegar;to arrive;Werkwoorden;;;
lleno de;full of;Beschrijvingen;;;vrouwelijk: llena de
llevar;to carry / to take / to wear;Werkwoorden;;;
llorar;to cry;Werkwoorden;;;
llover;to rain;Werkwoorden;;;
la lluvia;rain;Natuur, weer & dieren;;;
lluvioso;rainy;Natuur, weer & dieren;;;
lo;him / it / you;Kleine woorden;;;lijdend vnw. (mannelijk/onzijdig)
lo lamento;I'm sorry;Begroetingen & beleefdheid;;;
lo siento;I'm sorry;Begroetingen & beleefdheid;;;
local;local;Beschrijvingen;;;el local = zaak/pand
lograr;to achieve / to manage to;Werkwoorden;;;
los;the / them / you;Kleine woorden;;;lidwoord (m. mv.) of lijdend vnw.
luego;then / later;Kleine woorden;;;
el lugar;place;Stad & reizen;;;
la luna;moon;Natuur, weer & dieren;;;
la luna de miel;honeymoon;Mensen & familie;;;
el lunes;Monday;Tijd & kalender;;;
la luz;light;Huis & dagelijks leven;;;
la lámpara;lamp;Huis & dagelijks leven;;;
el lápiz;pencil;Werk & school;;;
la madera;wood;Huis & dagelijks leven;;;
la madrastra;stepmother;Mensen & familie;;;
la madre;mother;Mensen & familie;;;
la madrugada;early morning / small hours;Tijd & kalender;;;tijd tussen middernacht en zonsopgang
el maestro;teacher;Werk & school;;;vrouwelijk: maestra
magnífico;magnificent;Beschrijvingen;;;vrouwelijk: magnífica
el mago;magician / wizard;Vrije tijd & sport;;;vrouwelijk: maga
mal;badly / bad;Kleine woorden;;;"bijwoord; vóór mannelijk znw ook 'mal' (= malo)"
malcriado;spoiled / bad-mannered;Gevoelens & karakter;;;vrouwelijk: malcriada
maleducado;rude / impolite;Gevoelens & karakter;;;vrouwelijk: maleducada
la maleta;suitcase;Stad & reizen;;;
el maletín;briefcase / small case;Stad & reizen;;;
malo;bad;Beschrijvingen;;;"vrouwelijk: mala; vóór mannelijk znw: mal"
la mamá;mom / mother;Mensen & familie;;;
mandar;to send / to order;Werkwoorden;;;
manejar;to drive / to handle;Werkwoorden;;;"rijden vooral in Lat.-Am.; Spanje: conducir"
el mango;mango;Eten & drinken;;;
los mangos;mangoes;Eten & drinken;;;
la mano;hand;Lichaam & gezondheid;;;vrouwelijk, ondanks de -o
la manta;blanket;Huis & dagelijks leven;;;
el mantel;tablecloth;Huis & dagelijks leven;;;
la mantequilla;butter;Eten & drinken;;;
la manzana;apple;Eten & drinken;;;
el maní;peanut;Eten & drinken;;;"Lat.-Am.; in Spanje: el cacahuete"
el mapa;map;Stad & reizen;;;mannelijk, ondanks de -a
el mar;sea;Natuur, weer & dieren;;;
el maratón;marathon;Vrije tijd & sport;;;ook 'la maratón' komt voor
maravilloso;wonderful / marvelous;Beschrijvingen;;;vrouwelijk: maravillosa
la marca;brand / mark;Kleding & winkelen;;;
el marcador;marker / scoreboard;Werk & school;;;
mareado;dizzy / seasick;Lichaam & gezondheid;;;vrouwelijk: mareada
el marido;husband;Mensen & familie;;;
el marisco;seafood / shellfish;Eten & drinken;;;meestal meervoud: los mariscos
marrón;brown;Beschrijvingen;;;
el martes;Tuesday;Tijd & kalender;;;el martes = op dinsdag
el martillo;hammer;Huis & dagelijks leven;;;
marzo;March;Tijd & kalender;;;maanden zonder hoofdletter
la mascarilla;face mask / mask;Lichaam & gezondheid;;;
la mascota;pet;Natuur, weer & dieren;;;
las matemáticas;math / mathematics;Werk & school;;;
el matrimonio;marriage / married couple;Mensen & familie;;;ook: echtpaar
mayo;May;Tijd & kalender;;;maanden zonder hoofdletter
la mayonesa;mayonnaise;Eten & drinken;;;
mayor;older / bigger / elderly;Beschrijvingen;;;el/la mayor = de oudste / grootste
el maíz;corn;Eten & drinken;;;
mañana;tomorrow / morning;Tijd & kalender;;;"mañana = morgen; la mañana = de ochtend"
me;me / myself;Kleine woorden;;;lijdend/meewerkend vnw.
me alegro;I'm glad;Uitdrukkingen;;;vorm van alegrarse (yo, presente)
me despierto;(I) wake up;Werkwoordsvormen;;;vorm van despertarse (yo, presente)
me encargué de;(I) took care of;Werkwoordsvormen;;;vorm van encargarse (yo, pretérito)
me esfuerzo;(I) make an effort / (I) try hard;Werkwoordsvormen;;;vorm van esforzarse (yo, presente)
me gusta;I like;Uitdrukkingen;;;letterlijk: het bevalt mij (enkelvoud)
me gustan;I like;Uitdrukkingen;;;letterlijk: ze bevallen mij (meervoud)
me interesa;I'm interested in;Uitdrukkingen;;;letterlijk: het interesseert mij
me interesan;I'm interested in;Uitdrukkingen;;;meervoud: zij interesseren mij
me puede ayudar;can you help me;Begroetingen & beleefdheid;;;beleefde vorm (usted)
el mecánico;mechanic;Werk & school;;;vrouwelijk: mecánica
la media;stocking / sock;Kleding & winkelen;;;ook: helft (media hora)
media hora;half an hour;Tijd & kalender;;;
mediano;medium / average;Beschrijvingen;;;vrouwelijk: mediana
la medianoche;midnight;Tijd & kalender;;;
la medicina;medicine;Lichaam & gezondheid;;;
medio;half;Getallen & hoeveelheden;;;vrouwelijk: media (media hora)
meditar;to meditate;Werkwoorden;;;
mejor;better / best;Beschrijvingen;;;el/la mejor = de beste
el mejor amigo;best friend;Mensen & familie;;;vrouwelijk: la mejor amiga
mejorar;to improve;Werkwoorden;;;
el melón;melon;Eten & drinken;;;
menor;younger / smaller / youngest;Beschrijvingen;;;el/la menor = de jongste / kleinste
menos;less / fewer / minus;Kleine woorden;;;
menos cuarto;quarter to;Tijd & kalender;;;las tres menos cuarto = kwart voor drie
el mensaje;message;Technologie & media;;;
el mensaje de texto;text message;Technologie & media;;;
el mensaje de voz;voicemail / voice message;Technologie & media;;;
el mercado;market;Kleding & winkelen;;;
los mercados;markets;Kleding & winkelen;;;
la merienda;afternoon snack / snack;Eten & drinken;;;
la mermelada;jam;Eten & drinken;;;
el mes;month;Tijd & kalender;;;
la mesa;table;Huis & dagelijks leven;;;
el mesero;waiter;Eten & drinken;;;"vrouwelijk: mesera; Spanje: camarero"
la mesita de noche;nightstand / bedside table;Huis & dagelijks leven;;;
la meta;goal / finish line;Werk & school;;;
meter;to put (in) / to insert;Werkwoorden;;;valse vriend: niet 'meten' (= medir)
el metro;subway / metro / meter;Stad & reizen;;;
mexicano;Mexican;Landen & talen;;;vrouwelijk: mexicana
mezclar;to mix / to mix up;Werkwoorden;;;
mi;my;Kleine woorden;;;meervoud: mis
mi mejor amiga;my best friend;Mensen & familie;;;vrouwelijk (vriendin)
mi mejor amigo;my best friend;Mensen & familie;;;mannelijk (vriend)
el microondas;microwave;Huis & dagelijks leven;;;enkelvoud, ondanks de -s
el miedo;fear;Gevoelens & karakter;;;tener miedo = bang zijn
la miel;honey;Eten & drinken;;;vrouwelijk
mientras;while;Kleine woorden;;;
mil;thousand;Getallen & hoeveelheden;;;zonder 'un': mil euros
mil gracias;thanks a lot / thank you very much;Begroetingen & beleefdheid;;;
el milagro;miracle;Uitdrukkingen;;;
el millón;million;Getallen & hoeveelheden;;;un millón de euros (met 'de')
el minuto;minute;Tijd & kalender;;;
mira;look / (he/she) looks at;Werkwoordsvormen;;;"vorm van mirar (él presente; tú gebiedend)"
mirar;to look (at) / to watch;Werkwoorden;;;
mis;my;Kleine woorden;;;meervoud van mi
mismo;same;Beschrijvingen;;;vrouwelijk: misma
el miércoles;Wednesday;Tijd & kalender;;;
la mochila;backpack;Stad & reizen;;;
el mochilero;backpacker;Stad & reizen;;;vrouwelijk: mochilera
moderno;modern;Beschrijvingen;;;vrouwelijk: moderna
mojado;wet;Beschrijvingen;;;vrouwelijk: mojada
molestar;to bother / to annoy;Werkwoorden;;;valse vriend: niet 'molesteren'
molesto;annoyed / annoying;Gevoelens & karakter;;;ook: (yo) molesto = ik stoor
el momento;moment / time;Tijd & kalender;;;
la moneda;coin / currency;Kleding & winkelen;;;
el monstruo;monster;Vrije tijd & sport;;;
montar a caballo;to ride a horse / to go horseback riding;Vrije tijd & sport;;;
montar en bicicleta;to ride a bike;Vrije tijd & sport;;;
la montaña;mountain;Natuur, weer & dieren;;;
montón de;a lot of / lots of;Getallen & hoeveelheden;;;meestal: un montón de
el monumento;monument;Stad & reizen;;;
morado;purple;Beschrijvingen;;;
moreno;dark-haired / tanned;Beschrijvingen;;;vrouwelijk: morena
la mosca;fly;Natuur, weer & dieren;;;
el mosquito;mosquito;Natuur, weer & dieren;;;
mostrar;to show;Werkwoorden;;;o → ue: muestro
la motivación;motivation;Gevoelens & karakter;;;
la moto;motorbike / motorcycle;Stad & reizen;;;vrouwelijk (kort voor la motocicleta)
mover;to move;Werkwoorden;;;o → ue: muevo
el muchacho;boy / young man / guy;Mensen & familie;;;vrouwelijk: muchacha
muchas gracias;thank you very much / thanks a lot;Begroetingen & beleefdheid;;;
muchas veces;many times / often;Tijd & kalender;;;
mucho;a lot / much;Getallen & hoeveelheden;;;vrouwelijk: mucha
mucho gusto;nice to meet you;Begroetingen & beleefdheid;;;
muchos;many / a lot of / lots of;Getallen & hoeveelheden;;;vrouwelijk: muchas
mudarse;to move (house);Werkwoorden;;;"verhuizen; bewegen = mover"
el mueble;piece of furniture;Huis & dagelijks leven;;;los muebles = de meubels
la muela;molar / back tooth;Lichaam & gezondheid;;;
muevo;(I) move;Werkwoordsvormen;;;vorm van mover (yo, presente)
la mujer;woman / wife;Mensen & familie;;;
multinacional;multinational;Werk & school;;;
el mundo;world;Landen & talen;;;todo el mundo = iedereen
musculoso;muscular;Beschrijvingen;;;vrouwelijk: musculosa
el museo;museum;Stad & reizen;;;
musical;musical;Vrije tijd & sport;;;
muy;very;Kleine woorden;;;
muy bien;very well / very good;Uitdrukkingen;;;
la muñeca;doll / wrist;Lichaam & gezondheid;;;twee betekenissen: pop én pols
más;more / plus;Kleine woorden;;;
más de;more than;Kleine woorden;;;met getallen: más de diez
más o menos;more or less / so-so;Uitdrukkingen;;;
más tarde;later;Tijd & kalender;;;
el médico;doctor;Lichaam & gezondheid;;;vrouwelijk: médica
mí;me;Kleine woorden;;;na voorzetsel, met accent: para mí
la música;music;Vrije tijd & sport;;;
la música en vivo;live music;Vrije tijd & sport;;;
el músico;musician;Vrije tijd & sport;;;vrouwelijk: música
nada;nothing / anything;Kleine woorden;;;
nadar;to swim;Werkwoorden;;;
nadie;no one / nobody;Kleine woorden;;;
la naranja;orange;Eten & drinken;;;als kleur: naranja (bijv. nw.)
las naranjas;oranges;Eten & drinken;;;
la nariz;nose;Lichaam & gezondheid;;;"vrouwelijk; meervoud: narices"
la natación;swimming;Vrije tijd & sport;;;
natural;natural;Beschrijvingen;;;
la naturaleza;nature;Natuur, weer & dieren;;;
navegar;to sail / to browse (the web);Werkwoorden;;;
Navidad;Christmas;Tijd & kalender;;;
necesario;necessary;Beschrijvingen;;;vrouwelijk: necesaria
necesitar;to need;Werkwoorden;;;
necesitas;(you) need;Werkwoordsvormen;;;vorm van necesitar (tú, presente)
necesito;(I) need;Werkwoordsvormen;;;vorm van necesitar (yo, presente)
negativo;negative;Beschrijvingen;;;vrouwelijk: negativa
el negocio;business / shop;Werk & school;;;
negro;black;Beschrijvingen;;;vrouwelijk: negra
nervioso;nervous;Gevoelens & karakter;;;vrouwelijk: nerviosa
nevar;to snow;Werkwoorden;;;e → ie: nieva = het sneeuwt
ni;nor / neither / not even;Kleine woorden;;;ni... ni = noch... noch
ni hablar;no way;Uitdrukkingen;;;
ni idea;no idea;Uitdrukkingen;;;
la nieta;granddaughter;Mensen & familie;;;
el nieto;grandson / grandchild;Mensen & familie;;;vrouwelijk: nieta
los nietos;grandchildren;Mensen & familie;;;
la nieve;snow;Natuur, weer & dieren;;;
ninguna;no / none / any;Kleine woorden;;;vrouwelijk van ninguno
ningún;no / any;Kleine woorden;;;ninguno vóór mannelijk znw: ningún libro
el nivel;level;Werk & school;;;
el niñero;babysitter / nanny;Mensen & familie;;;vrouwelijk: niñera
el niño;child / boy / kid;Mensen & familie;;;vrouwelijk: niña
no;no / not;Kleine woorden;;;
no crees;don't you think? / (you) don't believe;Uitdrukkingen;;;vorm van creer (tú, presente)
no encuentro;(I) can't find;Werkwoordsvormen;;;vorm van encontrar (yo, presente)
no hace;(he/she) doesn't do / doesn't make;Werkwoordsvormen;;;vorm van hacer (él/ella, presente)
no hay;there is no / there are no;Uitdrukkingen;;;van haber
no importa;it doesn't matter / never mind;Uitdrukkingen;;;
no sé;I don't know;Uitdrukkingen;;;vorm van saber (yo, presente)
no te preocupes;don't worry / no worries;Uitdrukkingen;;;
la noche;night / evening;Tijd & kalender;;;
el nombre;name;Mensen & familie;;;
normal;normal;Beschrijvingen;;;
normalmente;usually / normally;Kleine woorden;;;
nos;us / ourselves;Kleine woorden;;;
nos gusta;we like;Uitdrukkingen;;;letterlijk: het bevalt ons (enkelvoud)
nos gustan;we like;Uitdrukkingen;;;letterlijk: ze bevallen ons (meervoud)
nos interesa;we're interested in;Uitdrukkingen;;;letterlijk: het interesseert ons
nos vemos;see you;Begroetingen & beleefdheid;;;
nosotras;we / us;Kleine woorden;;;vrouwelijk (groep van alleen vrouwen)
nosotros;we / us;Kleine woorden;;;vrouwelijk: nosotras
la nota;note / grade;Werk & school;;;ook: cijfer (op school)
la novela;novel;Vrije tijd & sport;;;
noventa;ninety;Getallen & hoeveelheden;;;
la novia;girlfriend / bride / fiancée;Mensen & familie;;;
noviembre;November;Tijd & kalender;;;maanden zonder hoofdletter
el novio;boyfriend / groom / fiancé;Mensen & familie;;;vrouwelijk: novia
los novios;bride and groom / couple;Mensen & familie;;;
la nube;cloud;Natuur, weer & dieren;;;
nublado;cloudy;Natuur, weer & dieren;;;
nuestra;our / ours;Kleine woorden;;;vrouwelijk enkelvoud
nuestras;our / ours;Kleine woorden;;;vrouwelijk meervoud
nuestro;our / ours;Kleine woorden;;;vrouwelijk: nuestra
nuestros;our / ours;Kleine woorden;;;mannelijk meervoud
nueve;nine;Getallen & hoeveelheden;;;
nuevo;new;Beschrijvingen;;;vrouwelijk: nueva
la nuez;nut / walnut;Eten & drinken;;;meervoud: nueces
nunca;never;Kleine woorden;;;
el número;number;Getallen & hoeveelheden;;;
o;or;Kleine woorden;;;
obviamente;obviously;Kleine woorden;;;
ochenta;eighty;Getallen & hoeveelheden;;;
ocho;eight;Getallen & hoeveelheden;;;
octubre;October;Tijd & kalender;;;maanden zonder hoofdletter
ocupado;busy / occupied;Beschrijvingen;;;vrouwelijk: ocupada
odiar;to hate;Werkwoorden;;;
la oficina;office;Werk & school;;;
la oficina de correos;post office;Stad & reizen;;;
la oficina de información;information office / tourist office;Stad & reizen;;;
el ojo;eye;Lichaam & gezondheid;;;
la ola;wave;Natuur, weer & dieren;;;
la olla;pot / saucepan;Huis & dagelijks leven;;;
olvidar;to forget;Werkwoorden;;;
once;eleven;Getallen & hoeveelheden;;;
la opción;option / choice;Uitdrukkingen;;;
la opinión;opinion;Uitdrukkingen;;;
optimista;optimistic;Gevoelens & karakter;;;zelfde vorm voor m/v
ordenar;to tidy up / to arrange / to order;Werkwoorden;;;
la oreja;ear;Lichaam & gezondheid;;;"buitenoor; el oído = gehoor/binnenoor"
organizado;organized;Gevoelens & karakter;;;vrouwelijk: organizada
organizar;to organize;Werkwoorden;;;
orgulloso;proud;Gevoelens & karakter;;;vrouwelijk: orgullosa
orgánico;organic;Beschrijvingen;;;
original;original;Beschrijvingen;;;
el orégano;oregano;Eten & drinken;;;
oscuro;dark;Beschrijvingen;;;vrouwelijk: oscura
el otoño;fall / autumn;Tijd & kalender;;;
otra vez;again;Uitdrukkingen;;;
otro;another / other;Kleine woorden;;;vrouwelijk: otra
oye;hey / (he/she) hears;Werkwoordsvormen;;;"vorm van oír (él/ella, presente; ook 'hé!')"
el oído;ear / hearing;Lichaam & gezondheid;;;"binnenoor; buitenoor = la oreja"
el paciente;patient;Lichaam & gezondheid;;;bijv. nw.: geduldig
el padre;father;Mensen & familie;;;
los padres;parents;Mensen & familie;;;ook: vaders
la paella;paella;Eten & drinken;;;
pagar;to pay;Werkwoorden;;;
el pan;bread;Eten & drinken;;;
la panadería;bakery;Stad & reizen;;;
panameño;Panamanian;Landen & talen;;;vrouwelijk: panameña
la pantalla;screen;Technologie & media;;;
los pantalones;trousers / pants;Kleding & winkelen;;;
la papa;potato;Eten & drinken;;;"Latijns-Amerika; Spanje: la patata"
el papel;paper;Werk & school;;;
el papá;dad;Mensen & familie;;;
el paquete;package / parcel;Huis & dagelijks leven;;;
para;for / to / in order to;Kleine woorden;;;
para nada;not at all;Uitdrukkingen;;;
la parada;stop;Stad & reizen;;;bijv. la parada de autobús = bushalte
la parada de taxi;taxi stand;Stad & reizen;;;
el paraguas;umbrella;Natuur, weer & dieren;;;eindigt op -s, maar enkelvoud
parar;to stop;Werkwoorden;;;
parece que;it seems that / it looks like;Uitdrukkingen;;;
parecer;to seem / to look like;Werkwoorden;;;
parecido;similar / alike;Beschrijvingen;;;vrouwelijk: parecida
la pared;wall;Huis & dagelijks leven;;;
la pareja;partner / couple;Mensen & familie;;;altijd vrouwelijk, ook voor een man
el pariente;relative;Mensen & familie;;;valse vriend: niet 'ouder' (= padre)
el parque;park;Stad & reizen;;;
el parque de diversiones;amusement park;Vrije tijd & sport;;;
los parques;parks;Stad & reizen;;;
la parte;part;Getallen & hoeveelheden;;;
participar;to participate / to take part;Werkwoorden;;;
el partido;game / match;Vrije tijd & sport;;;ook: politieke partij
pasado;last / past;Tijd & kalender;;;el año pasado = vorig jaar
el pasaporte;passport;Stad & reizen;;;
pasar;to pass / to spend (time) / to happen;Werkwoorden;;;
pasarlo;to go through it;Werkwoorden;;;pasarlo bien = het naar je zin hebben
el pasatiempo;hobby / pastime;Vrije tijd & sport;;;
pasear;to stroll / to go for a walk;Werkwoorden;;;
el paseo;walk / stroll / promenade;Vrije tijd & sport;;;
el pasillo;hallway / corridor;Huis & dagelijks leven;;;
el paso;step;Huis & dagelijks leven;;;
la pasta;pasta;Eten & drinken;;;
el pastel;cake / pie;Eten & drinken;;;
la pastelería;cake shop / pastry shop;Stad & reizen;;;
la pastilla;pill;Lichaam & gezondheid;;;
patear;to kick;Werkwoorden;;;
patinar;to skate;Werkwoorden;;;
la patineta;skateboard;Vrije tijd & sport;;;
el patio;patio / courtyard;Huis & dagelijks leven;;;
el pavo;turkey;Eten & drinken;;;
el país;country;Landen & talen;;;
el pañuelo;scarf / handkerchief;Kleding & winkelen;;;
pedir;to ask for / to order;Werkwoorden;;;≠ preguntar (een vraag stellen)
peinarse;to comb one's hair;Werkwoorden;;;
peligroso;dangerous;Beschrijvingen;;;vrouwelijk: peligrosa
pelirrojo;red-haired / redhead;Gevoelens & karakter;;;vrouwelijk: pelirroja
el pelo;hair;Lichaam & gezondheid;;;
la pelota;ball;Vrije tijd & sport;;;
el peluche;stuffed animal / soft toy;Vrije tijd & sport;;;
la peluquería;hair salon;Stad & reizen;;;
la película;movie / film;Vrije tijd & sport;;;
el penal;penalty (kick);Vrije tijd & sport;;;Spanje: el penalti
peor;worse / worst;Beschrijvingen;;;
el pepino;cucumber;Eten & drinken;;;
pequeño;small / little;Beschrijvingen;;;vrouwelijk: pequeña
la pera;pear;Eten & drinken;;;
perder;to lose / to miss / to waste;Werkwoorden;;;
perder peso;to lose weight;Lichaam & gezondheid;;;
perdido;lost;Beschrijvingen;;;vrouwelijk: perdida
perdona;sorry / excuse me;Begroetingen & beleefdheid;;;vorm van perdonar (tú, gebiedende wijs)
perdonar;to forgive / to excuse;Werkwoorden;;;
perdone;excuse me / sorry;Begroetingen & beleefdheid;;;vorm van perdonar (usted, gebiedende wijs)
perdón;sorry / excuse me / pardon;Begroetingen & beleefdheid;;;
perezoso;lazy;Gevoelens & karakter;;;vrouwelijk: perezosa
perfecto;perfect;Beschrijvingen;;;
el perfume;perfume / scent;Kleding & winkelen;;;
el periodista;journalist / reporter;Werk & school;;;vrouwelijk: la periodista
el periódico;newspaper;Technologie & media;;;
pero;but;Kleine woorden;;;
el perrito;puppy;Natuur, weer & dieren;;;
el perro;dog;Natuur, weer & dieren;;;
la persona;person;Mensen & familie;;;altijd vrouwelijk, ook voor mannen
el personaje;character;Vrije tijd & sport;;;
peruano;Peruvian;Landen & talen;;;vrouwelijk: peruana
pesado;heavy / annoying;Beschrijvingen;;;vrouwelijk: pesada
la pescadería;fish shop / fish market;Stad & reizen;;;
el pescado;fish (as food);Eten & drinken;;;"vis als eten; levende vis = el pez"
pescar;to fish / to catch;Werkwoorden;;;
pesimista;pessimistic / pessimist;Gevoelens & karakter;;;zelfde vorm voor m/v
el peso;weight / peso;Getallen & hoeveelheden;;;ook munteenheid, o.a. in Mexico
el pez;fish (alive);Natuur, weer & dieren;;;"levende vis; mv: los peces"
el piano;piano;Vrije tijd & sport;;;
picante;spicy / hot;Eten & drinken;;;
pido;(I) ask for / (I) order;Werkwoordsvormen;;;vorm van pedir (yo, presente)
el pie;foot;Lichaam & gezondheid;;;
la piedra;stone / rock;Natuur, weer & dieren;;;
la piel;skin / fur / peel;Lichaam & gezondheid;;;
pienso que;I think that;Uitdrukkingen;;;van pensar (yo, presente)
la pierna;leg;Lichaam & gezondheid;;;
el pijama;pajamas;Kleding & winkelen;;;eindigt op -a maar mannelijk
el pilates;Pilates;Vrije tijd & sport;;;
la pimienta;pepper (spice);Eten & drinken;;;≠ el pimiento (paprika)
el pimiento;bell pepper;Eten & drinken;;;≠ la pimienta (peper)
el pingüino;penguin;Natuur, weer & dieren;;;
pintar;to paint;Werkwoorden;;;
la piscina;swimming pool;Vrije tijd & sport;;;
el piso;floor / apartment;Huis & dagelijks leven;;;Spanje ook: appartement
la pista de baile;dance floor;Vrije tijd & sport;;;
la pizarra;blackboard / whiteboard;Werk & school;;;
la pizza;pizza;Eten & drinken;;;
la pizzería;pizzeria;Eten & drinken;;;
la piña;pineapple;Eten & drinken;;;
las piñas;pineapples;Eten & drinken;;;
la piñata;piñata;Vrije tijd & sport;;;
el plan;plan;Huis & dagelijks leven;;;
planchar;to iron;Werkwoorden;;;
planear;to plan;Werkwoorden;;;
la planta;plant;Natuur, weer & dieren;;;ook: verdieping
plantar;to plant;Werkwoorden;;;
el plato;dish / plate / course;Eten & drinken;;;
la playa;beach;Natuur, weer & dieren;;;
la plaza;square / plaza;Stad & reizen;;;
el plomero;plumber;Werk & school;;;"vrouwelijk: la plomera; Spanje: el fontanero"
la pluma;feather / pen;Natuur, weer & dieren;;;ook: pen (Latijns-Amerika)
el plátano;banana;Eten & drinken;;;
poco;little / not much;Getallen & hoeveelheden;;;
pocos;few;Getallen & hoeveelheden;;;vrouwelijk: pocas
poder;to be able to / can;Werkwoorden;;;
el poema;poem;Vrije tijd & sport;;;eindigt op -a maar mannelijk
la poesía;poetry;Vrije tijd & sport;;;
la policía;police / policewoman;Werk & school;;;el policía = de politieagent
el pollo;chicken;Eten & drinken;;;
el polvo;dust / powder;Huis & dagelijks leven;;;
la política;politics / policy;Werk & school;;;bijv. nw.: político/política
pon;put! / (you) put;Werkwoordsvormen;;;vorm van poner (tú, gebiedende wijs)
poner;to put / to place / to set;Werkwoorden;;;
pongo;(I) put;Werkwoordsvormen;;;vorm van poner (yo, presente)
el pop;pop (music);Vrije tijd & sport;;;
popular;popular;Beschrijvingen;;;
por;for / by / through;Kleine woorden;;;
por algo;for some reason;Uitdrukkingen;;;
por allí;around there / that way;Uitdrukkingen;;;
por aquí;around here / this way;Uitdrukkingen;;;
por casualidad;by chance;Uitdrukkingen;;;
por cierto;by the way;Uitdrukkingen;;;
por curiosidad;out of curiosity;Uitdrukkingen;;;
por ejemplo;for example;Uitdrukkingen;;;
por eso;that's why / therefore;Uitdrukkingen;;;
por favor;please;Begroetingen & beleefdheid;;;
por fin;finally / at last;Uitdrukkingen;;;
por la;through the / for the;Kleine woorden;;;
por la derecha;on the right;Stad & reizen;;;
por la mañana;in the morning;Tijd & kalender;;;
por la noche;at night / in the evening;Tijd & kalender;;;
por la tarde;in the afternoon / in the evening;Tijd & kalender;;;
por lo menos;at least;Uitdrukkingen;;;
por qué;why;Kleine woorden;;;porque = omdat
por suerte;luckily / fortunately;Uitdrukkingen;;;
por supuesto;of course;Uitdrukkingen;;;
por último;finally / lastly;Uitdrukkingen;;;
porque;because;Kleine woorden;;;por qué = waarom
el portero;goalkeeper / doorman;Vrije tijd & sport;;;vrouwelijk: la portera
el portugués;Portuguese;Landen & talen;;;bijv. nw. vrouwelijk: portuguesa
positivo;positive;Gevoelens & karakter;;;vrouwelijk: positiva
la postal;postcard;Stad & reizen;;;
el postre;dessert;Eten & drinken;;;
practicar;to practice / to play (sport);Werkwoorden;;;
el precio;price;Kleding & winkelen;;;
preferimos;(we) prefer / (we) preferred;Werkwoordsvormen;;;vorm van preferir (nosotros, presente/pretérito)
prefiero;(I) prefer / (I) would rather;Werkwoordsvormen;;;vorm van preferir (yo, presente)
la pregunta;question;Werk & school;;;
preguntar;to ask;Werkwoorden;;;"een vraag stellen; vragen om = pedir"
el premio;prize / award;Vrije tijd & sport;;;
preocupado;worried;Gevoelens & karakter;;;vrouwelijk: preocupada
preocuparse;to worry;Werkwoorden;;;
preparar;to prepare / to make;Werkwoorden;;;
la presentación;presentation;Werk & school;;;
el presentador;presenter / host;Technologie & media;;;vrouwelijk: la presentadora
presentar;to introduce / to present;Werkwoorden;;;
el presidente;president;Werk & school;;;vrouwelijk: la presidenta
presionar;to press / to pressure;Werkwoorden;;;
prestar;to lend;Werkwoorden;;;
prestar atención;to pay attention;Werkwoorden;;;
el presupuesto;budget / estimate;Werk & school;;;
la prima;cousin (female);Mensen & familie;;;
la primavera;spring;Tijd & kalender;;;
primer;first;Getallen & hoeveelheden;;;vóór mannelijk enkelvoud: el primer día
primero;first;Getallen & hoeveelheden;;;vrouwelijk: primera
el primo;cousin;Mensen & familie;;;vrouwelijk: la prima
principal;main;Beschrijvingen;;;
el principiante;beginner;Werk & school;;;vrouwelijk: la principiante
el probador;fitting room;Kleding & winkelen;;;
probar;to try / to taste / to try on;Werkwoorden;;;
el problema;problem;Huis & dagelijks leven;;;eindigt op -a maar mannelijk
procesado;processed;Eten & drinken;;;vrouwelijk: procesada
el producto;product;Kleding & winkelen;;;
profesional;professional;Werk & school;;;
la profesión;profession / career;Werk & school;;;
el profesor;teacher / professor;Werk & school;;;vrouwelijk: la profesora
el programa;program / show;Technologie & media;;;eindigt op -a maar mannelijk
prometer;to promise;Werkwoorden;;;
pronto;soon;Tijd & kalender;;;
el propietario;owner / landlord;Huis & dagelijks leven;;;vrouwelijk: la propietaria
propio;own;Beschrijvingen;;;vrouwelijk: propia
proponer;to propose / to suggest;Werkwoorden;;;
propongo;(I) propose / (I) suggest;Werkwoordsvormen;;;vorm van proponer (yo, presente)
el protagonista;protagonist / main character;Vrije tijd & sport;;;vrouwelijk: la protagonista
el protector solar;sunscreen;Lichaam & gezondheid;;;
la proteína;protein;Eten & drinken;;;
el proyecto;project;Werk & school;;;
pruebo;(I) try / (I) taste;Werkwoordsvormen;;;vorm van probar (yo, presente)
práctico;practical / useful;Beschrijvingen;;;vrouwelijk: práctica
próximo;next;Tijd & kalender;;;vrouwelijk: próxima
publicar;to publish / to post;Werkwoorden;;;
el pueblo;town / village;Stad & reizen;;;
puedo;(I) can / may I;Werkwoordsvormen;;;vorm van poder (yo, presente)
el puente;bridge / long weekend;Stad & reizen;;;
la puerta;door;Huis & dagelijks leven;;;
el puerto;port / harbor;Stad & reizen;;;
pues;well / then;Kleine woorden;;;
el puesto;position / job / stall;Werk & school;;;ook: voltooid deelwoord van poner
la pulsera;bracelet;Kleding & winkelen;;;
puntual;punctual;Gevoelens & karakter;;;
la página web;website;Technologie & media;;;
el pájaro;bird;Natuur, weer & dieren;;;
el pícnic;picnic;Vrije tijd & sport;;;
el pódcast;podcast;Technologie & media;;;
el póster;poster;Huis & dagelijks leven;;;
público;public;Beschrijvingen;;;"el público = het publiek; vrouwelijk: pública"
que;that / which / than;Kleine woorden;;;
que viene;next / coming;Tijd & kalender;;;el mes que viene = volgende maand
quedarse;to stay / to remain;Werkwoorden;;;
quedarse dormido;to fall asleep / to oversleep;Werkwoorden;;;
quejarse;to complain;Werkwoorden;;;
queremos;(we) want / (we) love;Werkwoordsvormen;;;vorm van querer (nosotros, presente)
querido;dear;Gevoelens & karakter;;;vrouwelijk: querida
el queso;cheese;Eten & drinken;;;
quiere;(he/she) wants / (you, formal) want;Werkwoordsvormen;;;vorm van querer (él/ella/usted, presente)
quieres;(you) want;Werkwoordsvormen;;;vorm van querer (tú, presente)
quiero;(I) want / (I) love;Werkwoordsvormen;;;vorm van querer (yo, presente)
quince;fifteen;Getallen & hoeveelheden;;;
quizás;maybe / perhaps;Kleine woorden;;;
quién;who;Kleine woorden;;;met accent als vraagwoord
quiénes;who;Kleine woorden;;;meervoud van quién
qué;what;Kleine woorden;;;
qué alivio;what a relief;Uitdrukkingen;;;
qué asco;how disgusting / gross;Uitdrukkingen;;;
qué bien;great / how nice;Uitdrukkingen;;;
qué emoción;how exciting;Uitdrukkingen;;;
qué haces;what are you doing;Uitdrukkingen;;;haces = vorm van hacer (tú, presente)
qué interesante;how interesting;Uitdrukkingen;;;
qué lástima;what a shame;Uitdrukkingen;;;
qué mala suerte;what bad luck;Uitdrukkingen;;;
qué más;what else;Uitdrukkingen;;;
qué pena;what a pity / what a shame;Uitdrukkingen;;;
qué suerte;how lucky;Uitdrukkingen;;;
qué tal;how's it going / how are you;Begroetingen & beleefdheid;;;
qué tiempo hace;what's the weather like;Natuur, weer & dieren;;;
qué tonto;how silly;Uitdrukkingen;;;
la química;chemistry;Werk & school;;;
la radio;radio;Technologie & media;;;vrouwelijk: la radio
la rana;frog;Natuur, weer & dieren;;;
el rap;rap;Vrije tijd & sport;;;
la raqueta;racket;Vrije tijd & sport;;;
raro;strange / weird / rare;Beschrijvingen;;;vrouwelijk: rara
la rata;rat;Natuur, weer & dieren;;;
realmente;really;Kleine woorden;;;
rebelde;rebellious / rebel;Gevoelens & karakter;;;
la receta;recipe / prescription;Eten & drinken;;;
recibir;to receive;Werkwoorden;;;
el recital;recital / concert;Vrije tijd & sport;;;
el recogedor;dustpan;Huis & dagelijks leven;;;
recoger;to pick up / to collect / to tidy up;Werkwoorden;;;
recojo;(I) pick up;Werkwoordsvormen;;;vorm van recoger (yo, presente)
recomendar;to recommend / to advise;Werkwoorden;;;
recomiendo;(I) recommend;Werkwoordsvormen;;;vorm van recomendar (yo, presente)
recordar;to remember / to remind;Werkwoorden;;;
recorrer;to travel around / to go through;Werkwoorden;;;
el recuerdo;memory / souvenir;Gevoelens & karakter;;;ook: (yo) recuerdo = ik herinner me
la recuperación;recovery;Lichaam & gezondheid;;;
la red social;social network / social media;Technologie & media;;;
reducir;to reduce;Werkwoorden;;;
reduzco;(I) reduce;Werkwoordsvormen;;;vorm van reducir (yo, presente)
el refresco;soft drink / soda;Eten & drinken;;;
el refrigerador;fridge / refrigerator;Huis & dagelijks leven;;;
el refugio;shelter / refuge;Stad & reizen;;;
regalar;to give (as a gift);Werkwoorden;;;
el regalo;gift / present;Kleding & winkelen;;;
regar;to water (plants);Werkwoorden;;;
la regla;ruler / rule;Werk & school;;;
regresar;to return / to go back;Werkwoorden;;;
el reguetón;reggaeton;Vrije tijd & sport;;;
regular;so-so / average / regular;Beschrijvingen;;;vaak: 'matig, gaat wel'
regularmente;regularly;Kleine woorden;;;
regué;(I) watered;Werkwoordsvormen;;;vorm van regar (yo, pretérito)
la relación;relationship / connection;Mensen & familie;;;
relajado;relaxed / easygoing;Gevoelens & karakter;;;vrouwelijk: relajada
relajante;relaxing;Beschrijvingen;;;
relajarse;to relax;Werkwoorden;;;
rellenar;to fill in / to fill;Werkwoorden;;;
el reloj;watch / clock;Tijd & kalender;;;
el remitente;sender;Technologie & media;;;ook: la remitente (vrouw)
reparar;to repair / to fix;Werkwoorden;;;
repasar;to review / to go over;Werkwoorden;;;
el repelente;repellent;Lichaam & gezondheid;;;
repetir;to repeat;Werkwoorden;;;
repito;(I) repeat;Werkwoordsvormen;;;vorm van repetir (yo, presente)
la reserva;reservation / booking;Stad & reizen;;;
reservado;reserved / private;Gevoelens & karakter;;;vrouwelijk: reservada
reservar;to reserve / to book;Werkwoorden;;;
el resfriado;cold (illness);Lichaam & gezondheid;;;
resolver;to solve / to resolve;Werkwoorden;;;
respetar;to respect;Werkwoorden;;;
respirar;to breathe;Werkwoorden;;;
responder;to answer / to respond;Werkwoorden;;;
responsable;responsible;Gevoelens & karakter;;;
la respuesta;answer / response;Werk & school;;;
el restaurante;restaurant;Eten & drinken;;;
resuelvo;(I) solve;Werkwoordsvormen;;;vorm van resolver (yo, presente)
resulta que;it turns out that;Uitdrukkingen;;;
el resultado;result;Werk & school;;;
el resumen;summary;Werk & school;;;
retrasado;delayed / late;Stad & reizen;;;vrouwelijk: retrasada
la reunión;meeting;Werk & school;;;
revisar;to check / to review;Werkwoorden;;;
la revista;magazine;Technologie & media;;;
rico;tasty / delicious / rich;Eten & drinken;;;ook: rijk
riego;(I) water;Werkwoordsvormen;;;vorm van regar (yo, presente)
el ritmo;rhythm;Vrije tijd & sport;;;
el rival;rival;Vrije tijd & sport;;;ook: la rival (vrouw)
rizado;curly;Beschrijvingen;;;vrouwelijk: rizada
robar;to steal / to rob;Werkwoorden;;;
el robo;robbery / theft / break-in;Stad & reizen;;;ook: (yo) robo = ik steel
el rock;rock (music);Vrije tijd & sport;;;
la rodilla;knee;Lichaam & gezondheid;;;
rojo;red;Beschrijvingen;;;vrouwelijk: roja
romper;to break / to tear;Werkwoorden;;;
romántico;romantic;Gevoelens & karakter;;;vrouwelijk: romántica
la ropa;clothes;Kleding & winkelen;;;
la ropa interior;underwear;Kleding & winkelen;;;
rosa;pink;Beschrijvingen;;;ook: la rosa = roos
rosado;pink;Beschrijvingen;;;"vrouwelijk: rosada; vino rosado = rosé"
roto;broken;Beschrijvingen;;;voltooid deelwoord van romper
rubio;blond;Beschrijvingen;;;vrouwelijk: rubia
la rueda;wheel;Stad & reizen;;;ook: (él) rueda = rolt / filmt
el ruido;noise;Huis & dagelijks leven;;;
ruso;Russian;Landen & talen;;;"vrouwelijk: rusa; el ruso = de taal"
la rutina;routine;Huis & dagelijks leven;;;
rápido;fast / quick;Beschrijvingen;;;vrouwelijk: rápida
el río;river;Natuur, weer & dieren;;;
saber;to know;Werkwoorden;;;weten (feiten), kunnen (vaardigheid)
saberse;to know (by heart);Werkwoorden;;;iets uit je hoofd kennen
sabes;(you) know;Werkwoordsvormen;;;vorm van saber (tú, presente)
la sal;salt;Eten & drinken;;;vrouwelijk: la sal
la sala;living room / room / hall;Huis & dagelijks leven;;;
la sala de reuniones;meeting room;Werk & school;;;
la sala de urgencias;emergency room;Lichaam & gezondheid;;;
salado;salty / savoury;Eten & drinken;;;valse vriend: niet 'salade'
el salario;salary / wage;Werk & school;;;
sale;(he/she) leaves / (he/she) goes out;Werkwoordsvormen;;;vorm van salir (él/ella, presente)
salgo de;(I) leave;Werkwoordsvormen;;;vorm van salir (yo, presente)
la salida;exit / departure;Stad & reizen;;;
salir;to go out / to leave;Werkwoorden;;;
salir de;to leave (a place);Werkwoorden;;;
el salmón;salmon;Eten & drinken;;;
la salsa;sauce / salsa / dip;Eten & drinken;;;
saltar;to jump;Werkwoorden;;;
salud;cheers / bless you;Begroetingen & beleefdheid;;;als zelfst. nw.: la salud = gezondheid
la salud mental;mental health;Lichaam & gezondheid;;;
saludable;healthy;Lichaam & gezondheid;;;
la sandalia;sandal;Kleding & winkelen;;;
la sandía;watermelon;Eten & drinken;;;
las sandías;watermelons;Eten & drinken;;;
la sangre;blood;Lichaam & gezondheid;;;vrouwelijk: la sangre
la sartén;frying pan / pan;Huis & dagelijks leven;;;meestal vrouwelijk: la sartén
se;himself / herself / themselves;Kleine woorden;;;wederkerend voornaamwoord (se llama)
se cayó;(he/she) fell (down);Werkwoordsvormen;;;vorm van caerse (él/ella, pretérito)
secar;to dry;Werkwoorden;;;
el secretario;secretary;Werk & school;;;vrouwelijk: la secretaria
el secreto;secret;Gevoelens & karakter;;;
segundo;second;Getallen & hoeveelheden;;;ook: el segundo = seconde
seguramente;surely / probably;Kleine woorden;;;
seguro;sure / safe;Beschrijvingen;;;ook: el seguro = verzekering
según;according to;Kleine woorden;;;
seis;six;Getallen & hoeveelheden;;;
la selva;jungle / rainforest;Natuur, weer & dieren;;;
la semana;week;Tijd & kalender;;;
el semáforo;traffic light;Stad & reizen;;;
el sendero;trail / path;Natuur, weer & dieren;;;
sentarse;to sit down;Werkwoorden;;;
sentir;to feel / to be sorry;Werkwoorden;;;lo siento = het spijt me
sentirse;to feel;Werkwoorden;;;me siento bien = ik voel me goed
septiembre;September;Tijd & kalender;;;
ser;to be;Werkwoorden;;;blijvende eigenschappen (vs. estar)
seria;serious;Gevoelens & karakter;;;vrouwelijk van serio (≠ sería)
la serie;series / TV show;Technologie & media;;;
serio;serious;Gevoelens & karakter;;;vrouwelijk: seria
la serpiente;snake;Natuur, weer & dieren;;;
la servilleta;napkin / serviette;Eten & drinken;;;
servir;to serve;Werkwoorden;;;
sesenta;sixty;Getallen & hoeveelheden;;;
setenta;seventy;Getallen & hoeveelheden;;;
el señor;Mr. / sir / gentleman;Mensen & familie;;;vrouwelijk: señora
la señora;Mrs. / ma'am / lady;Mensen & familie;;;
los shorts;shorts;Kleding & winkelen;;;
si;if;Kleine woorden;;;"zonder accent; sí = ja"
sido;been;Werkwoordsvormen;;;voltooid deelwoord van ser
siempre;always;Kleine woorden;;;
siete;seven;Getallen & hoeveelheden;;;
siguiente;next / following;Beschrijvingen;;;
la silla;chair;Huis & dagelijks leven;;;
el sillón;armchair;Huis & dagelijks leven;;;
simple;simple;Beschrijvingen;;;
simpática;nice / friendly / likeable;Gevoelens & karakter;;;vrouwelijk van simpático
simpático;nice / friendly;Gevoelens & karakter;;;vrouwelijk: simpática
simpáticos;nice / friendly;Gevoelens & karakter;;;meervoud van simpático
sin;without;Kleine woorden;;;
sin duda;without a doubt / undoubtedly;Uitdrukkingen;;;
sin embargo;however;Kleine woorden;;;
sin gluten;gluten-free;Eten & drinken;;;
sin parar;nonstop / without stopping;Uitdrukkingen;;;
sin querer;by accident / unintentionally;Uitdrukkingen;;;
sinceramente;honestly / sincerely;Kleine woorden;;;
sirvo;(I) serve;Werkwoordsvormen;;;vorm van servir (yo, presente)
el sistema;system;Technologie & media;;;mannelijk, ondanks -a
sobre;on / about / over;Kleine woorden;;;ook: el sobre = envelop
sobre todo;above all / mainly;Uitdrukkingen;;;
la sobrina;niece;Mensen & familie;;;
el sobrino;nephew;Mensen & familie;;;"neef (kind van broer/zus); vr.: sobrina"
sociable;sociable / friendly;Gevoelens & karakter;;;
socorro;help!;Uitdrukkingen;;;
el sofá;sofa / couch;Huis & dagelijks leven;;;
el sol;sun;Natuur, weer & dieren;;;
solamente;only;Kleine woorden;;;
soler;to usually do / to tend to;Werkwoorden;;;suelo comer… = ik eet meestal…
solo;alone / only;Kleine woorden;;;
solucionar;to solve / to fix;Werkwoorden;;;
la solución;solution;Werk & school;;;
el sombrero;hat;Kleding & winkelen;;;
somos;(we) are;Werkwoordsvormen;;;vorm van ser (nosotros, presente)
son;(they) are;Werkwoordsvormen;;;vorm van ser (ellos, presente)
son de;(they) are from;Werkwoordsvormen;;;vorm van ser (ellos) + de = komen uit
la sopa;soup;Eten & drinken;;;
sorprendente;surprising;Beschrijvingen;;;
sorprendentemente;surprisingly;Kleine woorden;;;
sorprender;to surprise;Werkwoorden;;;
sorprendido;surprised;Gevoelens & karakter;;;vrouwelijk: sorprendida
la sorpresa;surprise;Gevoelens & karakter;;;
el souvenir;souvenir;Stad & reizen;;;
soy;(I) am;Werkwoordsvormen;;;vorm van ser (yo, presente)
soy de;(I) am from;Werkwoordsvormen;;;vorm van ser (yo) + de = ik kom uit
su;his / her / their;Kleine woorden;;;ook: uw (usted)
subir;to go up / to climb / to upload;Werkwoorden;;;
sucio;dirty;Beschrijvingen;;;vrouwelijk: sucia
sudamericano;South American;Landen & talen;;;vrouwelijk: sudamericana
Sudamérica;South America;Landen & talen;;;
la suegra;mother-in-law;Mensen & familie;;;
el suegro;father-in-law;Mensen & familie;;;
el sueldo;salary / wage;Werk & school;;;
suelo;(I) usually / (I) tend to;Werkwoordsvormen;;;"vorm van soler (yo); el suelo = vloer"
suficiente;enough / sufficient;Getallen & hoeveelheden;;;
la sugerencia;suggestion;Werk & school;;;
el supermercado;supermarket / grocery store;Kleding & winkelen;;;
supongo que;I suppose (that);Uitdrukkingen;;;vorm van suponer (yo, presente)
surfear;to surf;Werkwoorden;;;
sus;his / her / their;Kleine woorden;;;meervoud van su
el sushi;sushi;Eten & drinken;;;
el suéter;sweater / jumper / pullover;Kleding & winkelen;;;
el sábado;Saturday;Tijd & kalender;;;
la sábana;sheet / bedsheet;Huis & dagelijks leven;;;
el sándwich;sandwich;Eten & drinken;;;
sé;(I) know;Werkwoordsvormen;;;vorm van saber (yo, presente)
sí;yes;Kleine woorden;;;"met accent; si = als"
sí o sí;no matter what / definitely;Uitdrukkingen;;;
el síntoma;symptom;Lichaam & gezondheid;;;mannelijk, ondanks -a
súper;super / very;Beschrijvingen;;;ook: el súper = supermarkt
la tableta;tablet;Technologie & media;;;
el taco;taco;Eten & drinken;;;
tal vez;maybe / perhaps;Kleine woorden;;;
talentoso;talented;Gevoelens & karakter;;;vrouwelijk: talentosa
la talla;size (clothing);Kleding & winkelen;;;
el taller;workshop / garage / repair shop;Werk & school;;;
el tamaño;size;Getallen & hoeveelheden;;;talla = kledingmaat
también;also / too / as well;Kleine woorden;;;
tampoco;neither / not either;Kleine woorden;;;
tan;so / as;Kleine woorden;;;
el tango;tango;Vrije tijd & sport;;;
tantos;so many / as many;Getallen & hoeveelheden;;;vrouwelijk: tantas
la tapa;lid / cap / tapa;Eten & drinken;;;ook: tapa = hapje bij een drankje
la tarde;afternoon / evening;Tijd & kalender;;;ook: tarde = laat
la tarea;task / homework / assignment;Werk & school;;;
la tarjeta de crédito;credit card;Kleding & winkelen;;;
la tarta;cake / pie;Eten & drinken;;;
el taxi;taxi / cab;Stad & reizen;;;
el taxista;taxi driver / cab driver;Werk & school;;;vrouwelijk: la taxista
la taza;cup / mug;Eten & drinken;;;
te;you / yourself;Kleine woorden;;;object: je, jou, jezelf
te gusta;you like;Uitdrukkingen;;;letterlijk: het bevalt jou (enkelvoud)
te gustan;you like;Uitdrukkingen;;;bij meervoud: te gustan los perros
te interesa;it interests you / you're interested in;Uitdrukkingen;;;
te interesan;they interest you / you're interested in;Uitdrukkingen;;;bij meervoud
te quiero;I love you;Uitdrukkingen;;;ik hou van je (ook voor familie/vrienden)
el teatro;theater;Vrije tijd & sport;;;
el techo;roof / ceiling;Huis & dagelijks leven;;;
la tecnología;technology;Technologie & media;;;
la telenovela;soap opera;Technologie & media;;;
la televisión;television / TV;Technologie & media;;;
el televisor;television set / TV;Technologie & media;;;"het toestel; la televisión = het medium"
el teléfono;phone / telephone;Technologie & media;;;
el tema;topic / subject / theme;Werk & school;;;mannelijk ondanks -a
la temperatura;temperature;Natuur, weer & dieren;;;
temprano;early;Tijd & kalender;;;
ten cuidado;be careful;Uitdrukkingen;;;gebiedende wijs van tener (tú)
el tendedero;clothes rack / clothesline;Huis & dagelijks leven;;;
el tenedor;fork;Eten & drinken;;;
tenemos;(we) have;Werkwoordsvormen;;;vorm van tener (nosotros, presente)
tener;to have;Werkwoorden;;;
tener cuidado;to be careful;Uitdrukkingen;;;
tener hambre;to be hungry;Uitdrukkingen;;;letterlijk: honger hebben
tener prisa;to be in a hurry;Uitdrukkingen;;;letterlijk: haast hebben
tener que;to have to;Werkwoorden;;;tener que + infinitief: moeten
tener razón;to be right;Uitdrukkingen;;;letterlijk: gelijk hebben
tener suerte;to be lucky;Uitdrukkingen;;;letterlijk: geluk hebben
tener sueño;to be sleepy;Uitdrukkingen;;;letterlijk: slaap hebben
tener éxito;to be successful / to succeed;Uitdrukkingen;;;éxito = succes, niet 'uitgang' (salida)
tengo;(I) have;Werkwoordsvormen;;;vorm van tener (yo, presente)
tengo que;(I) have to;Werkwoordsvormen;;;vorm van tener que (yo, presente)
el tenis;tennis;Vrije tijd & sport;;;
el tenis de mesa;table tennis;Vrije tijd & sport;;;
tercer;third;Getallen & hoeveelheden;;;korte vorm van tercero vóór mann. znw.
terminar;to finish / to end;Werkwoorden;;;
terminar de;to finish (doing);Werkwoorden;;;terminar de + infinitief
la terraza;terrace;Huis & dagelijks leven;;;
terrible;terrible;Beschrijvingen;;;
ti;you;Kleine woorden;;;na voorzetsel: para ti, a ti
el tiburón;shark;Natuur, weer & dieren;;;
el tiempo;time / weather;Tijd & kalender;;;betekent zowel 'tijd' als 'weer'
el tiempo libre;free time;Vrije tijd & sport;;;
la tienda;store / shop;Kleding & winkelen;;;
tiene;(he/she) has / (you, formal) have;Werkwoordsvormen;;;vorm van tener (él/ella/usted, presente)
tiene sentido;it makes sense;Uitdrukkingen;;;
tienen;(they) have;Werkwoordsvormen;;;vorm van tener (ellos/ustedes, presente)
tienes;(you) have;Werkwoordsvormen;;;vorm van tener (tú, presente)
tienes que;(you) have to / (you) must;Werkwoordsvormen;;;vorm van tener que (tú, presente)
tinto;red (wine);Eten & drinken;;;alleen voor wijn: vino tinto
tipo de;type of / kind of;Uitdrukkingen;;;
la toalla;towel;Huis & dagelijks leven;;;
el tobillo;ankle;Lichaam & gezondheid;;;
tocar;to play (an instrument) / to touch;Werkwoorden;;;sport spelen = jugar
todavía;still / yet;Kleine woorden;;;
todo;everything / all;Kleine woorden;;;
todo el mundo;everyone / everybody;Uitdrukkingen;;;letterlijk: de hele wereld
todo el tiempo;all the time;Tijd & kalender;;;
todo recto;straight ahead;Stad & reizen;;;
todos;all / everyone / everybody;Kleine woorden;;;vrouwelijk: todas
todos los días;every day;Tijd & kalender;;;
tomar;to take / to drink / to have;Werkwoorden;;;
tomar clases;to take classes;Werk & school;;;
tomar el sol;to sunbathe;Vrije tijd & sport;;;
tomarse;to have (food/drink) / to take;Werkwoorden;;;wederkerend: tomarse un café
el tomate;tomato;Eten & drinken;;;
la tormenta;storm;Natuur, weer & dieren;;;
el torneo;tournament;Vrije tijd & sport;;;
la tortilla;omelet / tortilla;Eten & drinken;;;in Spanje: aardappelomelet
la tos;cough;Lichaam & gezondheid;;;
la tostada;toast;Eten & drinken;;;
el tour;tour;Stad & reizen;;;
trabajador;hardworking;Gevoelens & karakter;;;"vrouwelijk: trabajadora; ook 'werknemer'"
trabajar;to work;Werkwoorden;;;
el trabajo;work / job;Werk & school;;;
tradicional;traditional;Beschrijvingen;;;
traducir;to translate;Werkwoorden;;;
traduzco;(I) translate;Werkwoordsvormen;;;vorm van traducir (yo, presente)
traer;to bring;Werkwoorden;;;
traigo;(I) bring;Werkwoordsvormen;;;vorm van traer (yo, presente)
el traje;suit;Kleding & winkelen;;;
el traje de baño;swimsuit;Kleding & winkelen;;;
tranquila;calm / calm down;Gevoelens & karakter;;;"vrouwelijk van tranquilo; ook 'rustig maar!'"
tranquilo;calm / quiet / peaceful;Gevoelens & karakter;;;vrouwelijk: tranquila
tratar de;to try to / to be about;Werkwoorden;;;tratar de + infinitief: proberen te
travieso;naughty / mischievous;Gevoelens & karakter;;;vrouwelijk: traviesa
trece;thirteen;Getallen & hoeveelheden;;;
treinta;thirty;Getallen & hoeveelheden;;;
el tren;train;Stad & reizen;;;
tres;three;Getallen & hoeveelheden;;;
triste;sad;Gevoelens & karakter;;;
el triunfo;victory / win / triumph;Vrije tijd & sport;;;
tropical;tropical;Beschrijvingen;;;
trotar;to jog;Werkwoorden;;;
el trozo;piece / slice / bit;Getallen & hoeveelheden;;;
el trueno;thunder;Natuur, weer & dieren;;;
el tráfico;traffic;Stad & reizen;;;
tu;your;Kleine woorden;;;"zonder accent; tú = jij"
el turismo;tourism;Stad & reizen;;;
el turista;tourist;Stad & reizen;;;vrouwelijk: la turista
turístico;touristy / tourist;Stad & reizen;;;"bijv. nw.; vrouwelijk: turística"
tus;your;Kleine woorden;;;meervoud: tus libros
el tutor;tutor / advisor;Werk & school;;;vrouwelijk: la tutora
tuve;(I) had;Werkwoordsvormen;;;vorm van tener (yo, pretérito)
el té;tea;Eten & drinken;;;"met accent; te = jou"
el técnico;technician / repairman / coach;Werk & school;;;"ook trainer (sport); vrouwelijk: la técnica"
la tía;aunt;Mensen & familie;;;
tímida;shy / timid;Gevoelens & karakter;;;vrouwelijke vorm van tímido
tímido;shy / timid;Gevoelens & karakter;;;vrouwelijk: tímida
el tío;uncle;Mensen & familie;;;informeel ook: gast, kerel
típico;typical;Beschrijvingen;;;
tú;you;Kleine woorden;;;"met accent; tu = jouw"
un;a / an / one;Kleine woorden;;;
un par de;a couple of;Getallen & hoeveelheden;;;
un poco;a little / a bit / kind of;Getallen & hoeveelheden;;;
un poco de;a little (of) / a bit of;Getallen & hoeveelheden;;;
un rato;a while;Tijd & kalender;;;
una;a / an / one;Kleine woorden;;;
una vez;once / one time;Tijd & kalender;;;
una vez por;once a / once per;Tijd & kalender;;;una vez por semana: eens per week
unas;some / a few;Kleine woorden;;;
el uniforme;uniform;Kleding & winkelen;;;
la universidad;university / college;Werk & school;;;
uno;one;Getallen & hoeveelheden;;;
uno de;one of;Getallen & hoeveelheden;;;
unos;some / a few;Kleine woorden;;;
urgente;urgent;Beschrijvingen;;;
urgentemente;urgently;Beschrijvingen;;;
usado;used / worn / second-hand;Beschrijvingen;;;
usar;to use / to wear;Werkwoorden;;;
uso;(I) use / (I) wear;Werkwoordsvormen;;;vorm van usar (yo, presente)
usted;you (formal);Kleine woorden;;;beleefd: u
ustedes;you (plural);Kleine woorden;;;jullie / u (meervoud)
va;(he/she) goes / (you, formal) go;Werkwoordsvormen;;;vorm van ir (él/ella/usted, presente)
va a;(he/she) is going to;Werkwoordsvormen;;;vorm van ir a (él/ella/usted, presente)
va a estar bien;it's going to be fine / it'll be okay;Uitdrukkingen;;;
la vaca;cow;Natuur, weer & dieren;;;
las vacaciones;vacation / holidays;Vrije tijd & sport;;;altijd meervoud
vacío;empty;Beschrijvingen;;;
la vainilla;vanilla;Eten & drinken;;;
valioso;valuable;Beschrijvingen;;;
vamos;(we) go / let's go;Werkwoordsvormen;;;"vorm van ir (nosotros, presente); ook 'kom op!'"
vamos a;(we) are going to / let's;Werkwoordsvormen;;;vorm van ir a (nosotros, presente)
van;(they) go;Werkwoordsvormen;;;vorm van ir (ellos/ustedes, presente)
van a;(they) are going to;Werkwoordsvormen;;;vorm van ir a (ellos/ustedes, presente)
varios;several / various;Getallen & hoeveelheden;;;vrouwelijk: varias
vas;(you) go;Werkwoordsvormen;;;vorm van ir (tú, presente)
vas a;(you) are going to;Werkwoordsvormen;;;vorm van ir a (tú, presente)
el vaso;glass;Eten & drinken;;;"drinkglas; glas als materiaal = vidrio"
vaso de;glass of;Eten & drinken;;;
ve;(he/she) sees / go!;Werkwoordsvormen;;;ver (él/ella, presente) of ir (tú, gebiedend)
el vecindario;neighborhood;Stad & reizen;;;
el vecino;neighbor;Mensen & familie;;;vrouwelijk: la vecina
vegano;vegan;Eten & drinken;;;vrouwelijk: vegana
vegetariano;vegetarian;Eten & drinken;;;vrouwelijk: vegetariana
veinte;twenty;Getallen & hoeveelheden;;;
veintiuno;twenty-one;Getallen & hoeveelheden;;;
la vela;candle;Huis & dagelijks leven;;;ook: zeil
ven;(they) see / (they) watch;Werkwoordsvormen;;;"vorm van ver (ellos/ustedes, presente); ook 'kom!'"
el vendedor;seller / salesperson / vendor;Werk & school;;;vrouwelijk: la vendedora
vender;to sell;Werkwoorden;;;
venezolano;Venezuelan;Landen & talen;;;vrouwelijk: venezolana
vengo;(I) come / (I) am coming;Werkwoordsvormen;;;vorm van venir (yo, presente)
venimos;(we) come / (we) are coming;Werkwoordsvormen;;;vorm van venir (nosotros, presente)
venir;to come;Werkwoorden;;;
venir a;to come to;Werkwoorden;;;
la ventana;window;Huis & dagelijks leven;;;
ver;to see / to watch;Werkwoorden;;;
el verano;summer;Tijd & kalender;;;
verdad;right? / truth;Uitdrukkingen;;;"¿verdad? = toch?; la verdad = de waarheid"
verde;green;Beschrijvingen;;;
la verdura;vegetable;Eten & drinken;;;
verificar;to verify / to check;Werkwoorden;;;
verse;to see each other / to meet up / to look;Werkwoorden;;;"wederkerend; nos vemos = tot ziens"
la versión;version;Technologie & media;;;
ves;(you) see;Werkwoordsvormen;;;vorm van ver (tú, presente)
el vestido;dress;Kleding & winkelen;;;
el veterinario;vet / veterinarian;Werk & school;;;vrouwelijk: la veterinaria
la vez;time (occasion);Tijd & kalender;;;keer: una vez = één keer
veía;(I) used to see / (I) was watching;Werkwoordsvormen;;;vorm van ver (yo/él/ella, imperfecto)
viajar;to travel;Werkwoorden;;;
la vida;life;Huis & dagelijks leven;;;
el video;video;Technologie & media;;;
el videojuego;video game;Vrije tijd & sport;;;
la videollamada;video call;Technologie & media;;;
el vidrio;glass;Huis & dagelijks leven;;;"glas als materiaal; drinkglas = vaso"
viejo;old;Beschrijvingen;;;vrouwelijk: vieja
vienen;(they) come / (they) are coming;Werkwoordsvormen;;;vorm van venir (ellos/ustedes, presente)
el viento;wind;Natuur, weer & dieren;;;hace viento = het waait
el viernes;Friday;Tijd & kalender;;;meervoud gelijk: los viernes
el vinagre;vinegar;Eten & drinken;;;
el vino;wine;Eten & drinken;;;
el violín;violin;Vrije tijd & sport;;;
el virus;virus;Lichaam & gezondheid;;;
visitar;to visit;Werkwoorden;;;
visto;seen / watched;Werkwoordsvormen;;;voltooid deelwoord van ver (onregelmatig)
la vitamina;vitamin;Lichaam & gezondheid;;;
la vivienda;housing / home / dwelling;Huis & dagelijks leven;;;
vivir;to live;Werkwoorden;;;
vivo;alive / lively / bright;Beschrijvingen;;;ook: (yo) vivo = ik woon
el volcán;volcano;Natuur, weer & dieren;;;
el voluntario;volunteer;Werk & school;;;vrouwelijk: la voluntaria
volver;to return / to come back / to go back;Werkwoorden;;;
volver a;to (do) again;Werkwoorden;;;volver a + infinitief: opnieuw doen
voy;(I) go / (I) am going;Werkwoordsvormen;;;vorm van ir (yo, presente)
voy a;(I) am going to;Werkwoordsvormen;;;vorm van ir a (yo, presente)
el vuelo;flight;Stad & reizen;;;
vuelto;returned / turned;Werkwoordsvormen;;;voltooid deelwoord van volver (onregelmatig)
vuelvo;(I) return / (I) go back;Werkwoordsvormen;;;vorm van volver (yo, presente)
el vóleibol;volleyball;Vrije tijd & sport;;;
el wifi;wifi;Technologie & media;;;
y;and;Kleine woorden;;;
y cuarto;quarter past;Tijd & kalender;;;las dos y cuarto = kwart over twee
y media;half past;Tijd & kalender;;;las dos y media = half drie
y si;what if;Uitdrukkingen;;;
y tú;and you?;Begroetingen & beleefdheid;;;
y usted;and you? (formal);Begroetingen & beleefdheid;;;
ya;already / now;Kleine woorden;;;
ya mismo;right away / right now;Tijd & kalender;;;
ya no;no longer / not anymore;Kleine woorden;;;
yo;I;Kleine woorden;;;
yo también;me too;Uitdrukkingen;;;
el yoga;yoga;Vrije tijd & sport;;;
el yogur;yogurt;Eten & drinken;;;
la zanahoria;carrot;Eten & drinken;;;
el zapato;shoe;Kleding & winkelen;;;
la zona;area / zone;Stad & reizen;;;
el zoológico;zoo;Stad & reizen;;;
el árabe;Arabic;Landen & talen;;;ook bijv. nw.: Arabisch
el árbol;tree;Natuur, weer & dieren;;;
el ático;attic;Huis & dagelijks leven;;;
él;he;Kleine woorden;;;"met accent; el = de"
la época;time / period / season;Tijd & kalender;;;
éramos;(we) were;Werkwoordsvormen;;;vorm van ser (nosotros, imperfecto)
íbamos;(we) were going / (we) used to go;Werkwoordsvormen;;;vorm van ir (nosotros, imperfecto)
últimamente;lately;Tijd & kalender;;;
útil;useful;Beschrijvingen;;;
